Country,ISO2,ISO3,OMNIARegion,ZijieRegion,Metric,Unit,SecondaryProduction2019_kt,RegionShare,AllocationMethod,2019,2020,2021,2022,2023,2024,2025,2026,2027,2028,2029,2030,2031,2032,2033,2034,2035,2036,2037,2038,2039,2040,2041,2042,2043,2044,2045,2046,2047,2048,2049,2050
Ethiopia,ET,ETH,AFE,Rest of World,Secondary aluminium ingot production,kt,0.0,0.0,No 2019 secondary producer share; assigned zero,0.0,0.0,0.0,0.0,0.0,0.0,0.0,0.0,0.0,0.0,0.0,0.0,0.0,0.0,0.0,0.0,0.0,0.0,0.0,0.0,0.0,0.0,0.0,0.0,0.0,0.0,0.0,0.0,0.0,0.0,0.0,0.0
Kenya,KE,KEN,AFE,Rest of World,Secondary aluminium ingot production,kt,0.0,0.0,No 2019 secondary producer share; assigned zero,0.0,0.0,0.0,0.0,0.0,0.0,0.0,0.0,0.0,0.0,0.0,0.0,0.0,0.0,0.0,0.0,0.0,0.0,0.0,0.0,0.0,0.0,0.0,0.0,0.0,0.0,0.0,0.0,0.0,0.0,0.0,0.0
Sudan,SD,SDN,AFE,Rest of World,Secondary aluminium ingot production,kt,0.0,0.0,No 2019 secondary producer share; assigned zero,0.0,0.0,0.0,0.0,0.0,0.0,0.0,0.0,0.0,0.0,0.0,0.0,0.0,0.0,0.0,0.0,0.0,0.0,0.0,0.0,0.0,0.0,0.0,0.0,0.0,0.0,0.0,0.0,0.0,0.0,0.0,0.0
Mauritius,MU,MUS,AFE,Rest of World,Secondary aluminium ingot production,kt,0.0,0.0,No 2019 secondary producer share; assigned zero,0.0,0.0,0.0,0.0,0.0,0.0,0.0,0.0,0.0,0.0,0.0,0.0,0.0,0.0,0.0,0.0,0.0,0.0,0.0,0.0,0.0,0.0,0.0,0.0,0.0,0.0,0.0,0.0,0.0,0.0,0.0,0.0
Eritrea,ER,ERI,AFE,Rest of World,Secondary aluminium ingot production,kt,0.0,0.0,No 2019 secondary producer share; assigned zero,0.0,0.0,0.0,0.0,0.0,0.0,0.0,0.0,0.0,0.0,0.0,0.0,0.0,0.0,0.0,0.0,0.0,0.0,0.0,0.0,0.0,0.0,0.0,0.0,0.0,0.0,0.0,0.0,0.0,0.0,0.0,0.0
South Sudan,SS,SSD,AFE,Rest of World,Secondary aluminium ingot production,kt,0.0,0.0,No 2019 secondary producer share; assigned zero,0.0,0.0,0.0,0.0,0.0,0.0,0.0,0.0,0.0,0.0,0.0,0.0,0.0,0.0,0.0,0.0,0.0,0.0,0.0,0.0,0.0,0.0,0.0,0.0,0.0,0.0,0.0,0.0,0.0,0.0,0.0,0.0
Burundi,BI,BDI,AFE,Rest of World,Secondary aluminium ingot production,kt,0.0,0.0,No 2019 secondary producer share; assigned zero,0.0,0.0,0.0,0.0,0.0,0.0,0.0,0.0,0.0,0.0,0.0,0.0,0.0,0.0,0.0,0.0,0.0,0.0,0.0,0.0,0.0,0.0,0.0,0.0,0.0,0.0,0.0,0.0,0.0,0.0,0.0,0.0
Comoros,KM,COM,AFE,Rest of World,Secondary aluminium ingot production,kt,0.0,0.0,No 2019 secondary producer share; assigned zero,0.0,0.0,0.0,0.0,0.0,0.0,0.0,0.0,0.0,0.0,0.0,0.0,0.0,0.0,0.0,0.0,0.0,0.0,0.0,0.0,0.0,0.0,0.0,0.0,0.0,0.0,0.0,0.0,0.0,0.0,0.0,0.0
Djibouti,DJ,DJI,AFE,Rest of World,Secondary aluminium ingot production,kt,0.0,0.0,No 2019 secondary producer share; assigned zero,0.0,0.0,0.0,0.0,0.0,0.0,0.0,0.0,0.0,0.0,0.0,0.0,0.0,0.0,0.0,0.0,0.0,0.0,0.0,0.0,0.0,0.0,0.0,0.0,0.0,0.0,0.0,0.0,0.0,0.0,0.0,0.0
Madagascar,MG,MDG,AFE,Rest of World,Secondary aluminium ingot production,kt,0.0,0.0,No 2019 secondary producer share; assigned zero,0.0,0.0,0.0,0.0,0.0,0.0,0.0,0.0,0.0,0.0,0.0,0.0,0.0,0.0,0.0,0.0,0.0,0.0,0.0,0.0,0.0,0.0,0.0,0.0,0.0,0.0,0.0,0.0,0.0,0.0,0.0,0.0
Reunion,RE,REU,AFE,Rest of World,Secondary aluminium ingot production,kt,0.0,0.0,No 2019 secondary producer share; assigned zero,0.0,0.0,0.0,0.0,0.0,0.0,0.0,0.0,0.0,0.0,0.0,0.0,0.0,0.0,0.0,0.0,0.0,0.0,0.0,0.0,0.0,0.0,0.0,0.0,0.0,0.0,0.0,0.0,0.0,0.0,0.0,0.0
Rwanda,RW,RWA,AFE,Rest of World,Secondary aluminium ingot production,kt,0.0,0.0,No 2019 secondary producer share; assigned zero,0.0,0.0,0.0,0.0,0.0,0.0,0.0,0.0,0.0,0.0,0.0,0.0,0.0,0.0,0.0,0.0,0.0,0.0,0.0,0.0,0.0,0.0,0.0,0.0,0.0,0.0,0.0,0.0,0.0,0.0,0.0,0.0
Somalia,SO,SOM,AFE,Rest of World,Secondary aluminium ingot production,kt,0.0,0.0,No 2019 secondary producer share; assigned zero,0.0,0.0,0.0,0.0,0.0,0.0,0.0,0.0,0.0,0.0,0.0,0.0,0.0,0.0,0.0,0.0,0.0,0.0,0.0,0.0,0.0,0.0,0.0,0.0,0.0,0.0,0.0,0.0,0.0,0.0,0.0,0.0
Uganda,UG,UGA,AFE,Rest of World,Secondary aluminium ingot production,kt,0.0,0.0,No 2019 secondary producer share; assigned zero,0.0,0.0,0.0,0.0,0.0,0.0,0.0,0.0,0.0,0.0,0.0,0.0,0.0,0.0,0.0,0.0,0.0,0.0,0.0,0.0,0.0,0.0,0.0,0.0,0.0,0.0,0.0,0.0,0.0,0.0,0.0,0.0
Seychelles,SC,SYC,AFE,Rest of World,Secondary aluminium ingot production,kt,0.0,0.0,No 2019 secondary producer share; assigned zero,0.0,0.0,0.0,0.0,0.0,0.0,0.0,0.0,0.0,0.0,0.0,0.0,0.0,0.0,0.0,0.0,0.0,0.0,0.0,0.0,0.0,0.0,0.0,0.0,0.0,0.0,0.0,0.0,0.0,0.0,0.0,0.0
United Republic of Tanzania,TZ,TZA,AFE,Other main producer,Secondary aluminium ingot production,kt,0.0,0.0,No 2019 secondary producer share; assigned zero,0.0,0.0,0.0,0.0,0.0,0.0,0.0,0.0,0.0,0.0,0.0,0.0,0.0,0.0,0.0,0.0,0.0,0.0,0.0,0.0,0.0,0.0,0.0,0.0,0.0,0.0,0.0,0.0,0.0,0.0,0.0,0.0
Egypt,EG,EGY,AFN,Other main producer,Secondary aluminium ingot production,kt,57.10245387976678,0.043134435657800146,Primary producer share proxy; no explicit 2019 secondary producer map for Other main producer,57.10245387976678,61.5607183258668,66.01898277196683,70.47724721806686,74.93551166416688,79.39377611026691,89.61546947549935,102.10704343985763,103.31239463226147,104.48824039573833,105.35736718873434,106.14336278686707,106.92106438079036,107.78410045430968,108.83078778735685,110.08760842901404,111.56129764481824,113.22664414952122,115.01606265637125,116.86748322717602,118.7649769256985,120.7061458883553,122.69846816773128,124.75553625123756,126.85597418467538,128.9945179458136,131.1807053438903,133.40577100315554,135.65845063973507,137.90710057616883,140.13920549944729,142.36826998901637
Algeria,DZ,DZA,AFN,Rest of World,Secondary aluminium ingot production,kt,0.0,0.0,No 2019 secondary producer share; assigned zero,0.0,0.0,0.0,0.0,0.0,0.0,0.0,0.0,0.0,0.0,0.0,0.0,0.0,0.0,0.0,0.0,0.0,0.0,0.0,0.0,0.0,0.0,0.0,0.0,0.0,0.0,0.0,0.0,0.0,0.0,0.0,0.0
Morocco,MA,MAR,AFN,Rest of World,Secondary aluminium ingot production,kt,0.0,0.0,No 2019 secondary producer share; assigned zero,0.0,0.0,0.0,0.0,0.0,0.0,0.0,0.0,0.0,0.0,0.0,0.0,0.0,0.0,0.0,0.0,0.0,0.0,0.0,0.0,0.0,0.0,0.0,0.0,0.0,0.0,0.0,0.0,0.0,0.0,0.0,0.0
Libya,LY,LBY,AFN,Rest of World,Secondary aluminium ingot production,kt,0.0,0.0,No 2019 secondary producer share; assigned zero,0.0,0.0,0.0,0.0,0.0,0.0,0.0,0.0,0.0,0.0,0.0,0.0,0.0,0.0,0.0,0.0,0.0,0.0,0.0,0.0,0.0,0.0,0.0,0.0,0.0,0.0,0.0,0.0,0.0,0.0,0.0,0.0
Tunisia,TN,TUN,AFN,Rest of World,Secondary aluminium ingot production,kt,0.0,0.0,No 2019 secondary producer share; assigned zero,0.0,0.0,0.0,0.0,0.0,0.0,0.0,0.0,0.0,0.0,0.0,0.0,0.0,0.0,0.0,0.0,0.0,0.0,0.0,0.0,0.0,0.0,0.0,0.0,0.0,0.0,0.0,0.0,0.0,0.0,0.0,0.0
Democratic Republic of the Congo,CD,COD,AFW,Rest of World,Secondary aluminium ingot production,kt,0.0,0.0,No 2019 secondary producer share; assigned zero,0.0,0.0,0.0,0.0,0.0,0.0,0.0,0.0,0.0,0.0,0.0,0.0,0.0,0.0,0.0,0.0,0.0,0.0,0.0,0.0,0.0,0.0,0.0,0.0,0.0,0.0,0.0,0.0,0.0,0.0,0.0,0.0
Cote d'Ivoire,CI,CIV,AFW,Rest of World,Secondary aluminium ingot production,kt,0.0,0.0,No 2019 secondary producer share; assigned zero,0.0,0.0,0.0,0.0,0.0,0.0,0.0,0.0,0.0,0.0,0.0,0.0,0.0,0.0,0.0,0.0,0.0,0.0,0.0,0.0,0.0,0.0,0.0,0.0,0.0,0.0,0.0,0.0,0.0,0.0,0.0,0.0
Ghana,GH,GHA,AFW,Rest of World,Secondary aluminium ingot production,kt,3.209264753004451,0.055118110236220465,Primary producer share proxy; no explicit 2019 secondary producer map for Rest of World,3.209264753004451,5.150046597764574,7.090828442524698,9.03161028728482,10.972392132044945,12.91317397680507,17.864743006910032,19.14764359241098,20.448649674945305,21.769684253866835,23.13968165510056,24.557865045365812,26.025543476682056,27.54098644343097,29.096753136543587,30.676244042857313,32.256958482414454,33.82479451278213,35.36799101769301,36.889040036745534,38.41452309987475,39.961359830886586,41.521664728676434,43.108878718811255,44.74214465544076,46.399471366293795,48.054004634365846,49.704959790988745,51.33512842693334,52.9368902121961,54.511641280009904,56.02275450988306
Cameroon,CM,CMR,AFW,Other main producer,Secondary aluminium ingot production,kt,13.323905905278915,0.010064701653486701,Primary producer share proxy; no explicit 2019 secondary producer map for Other main producer,13.323905905278915,14.364167609368922,15.404429313458929,16.444691017548934,17.48495272163894,18.525214425728947,20.91027621094985,23.824976802633447,24.106225414194345,24.380589425672277,24.58338567737135,24.766784650268985,24.948248355517748,25.149623439338928,25.3938504837166,25.687108633436612,26.03096945045759,26.419550301554953,26.837081286486626,27.269079419674405,27.711827949329653,28.16476737394957,28.629642572470633,29.109625125288765,29.599727309757586,30.098720854023178,30.608831246907737,31.128013234069627,31.653638482604848,32.17832346777273,32.69914794987103,33.219262997437156
Gabon,GA,GAB,AFW,Rest of World,Secondary aluminium ingot production,kt,0.0,0.0,No 2019 secondary producer share; assigned zero,0.0,0.0,0.0,0.0,0.0,0.0,0.0,0.0,0.0,0.0,0.0,0.0,0.0,0.0,0.0,0.0,0.0,0.0,0.0,0.0,0.0,0.0,0.0,0.0,0.0,0.0,0.0,0.0,0.0,0.0,0.0,0.0
Benin,BJ,BEN,AFW,Rest of World,Secondary aluminium ingot production,kt,0.0,0.0,No 2019 secondary producer share; assigned zero,0.0,0.0,0.0,0.0,0.0,0.0,0.0,0.0,0.0,0.0,0.0,0.0,0.0,0.0,0.0,0.0,0.0,0.0,0.0,0.0,0.0,0.0,0.0,0.0,0.0,0.0,0.0,0.0,0.0,0.0,0.0,0.0
Senegal,SN,SEN,AFW,Rest of World,Secondary aluminium ingot production,kt,0.0,0.0,No 2019 secondary producer share; assigned zero,0.0,0.0,0.0,0.0,0.0,0.0,0.0,0.0,0.0,0.0,0.0,0.0,0.0,0.0,0.0,0.0,0.0,0.0,0.0,0.0,0.0,0.0,0.0,0.0,0.0,0.0,0.0,0.0,0.0,0.0,0.0,0.0
Togo,TG,TGO,AFW,Rest of World,Secondary aluminium ingot production,kt,0.0,0.0,No 2019 secondary producer share; assigned zero,0.0,0.0,0.0,0.0,0.0,0.0,0.0,0.0,0.0,0.0,0.0,0.0,0.0,0.0,0.0,0.0,0.0,0.0,0.0,0.0,0.0,0.0,0.0,0.0,0.0,0.0,0.0,0.0,0.0,0.0,0.0,0.0
Niger,NE,NER,AFW,Rest of World,Secondary aluminium ingot production,kt,0.0,0.0,No 2019 secondary producer share; assigned zero,0.0,0.0,0.0,0.0,0.0,0.0,0.0,0.0,0.0,0.0,0.0,0.0,0.0,0.0,0.0,0.0,0.0,0.0,0.0,0.0,0.0,0.0,0.0,0.0,0.0,0.0,0.0,0.0,0.0,0.0,0.0,0.0
Congo,CG,COG,AFW,Rest of World,Secondary aluminium ingot production,kt,0.0,0.0,No 2019 secondary producer share; assigned zero,0.0,0.0,0.0,0.0,0.0,0.0,0.0,0.0,0.0,0.0,0.0,0.0,0.0,0.0,0.0,0.0,0.0,0.0,0.0,0.0,0.0,0.0,0.0,0.0,0.0,0.0,0.0,0.0,0.0,0.0,0.0,0.0
Burkina Faso,BF,BFA,AFW,Rest of World,Secondary aluminium ingot production,kt,0.0,0.0,No 2019 secondary producer share; assigned zero,0.0,0.0,0.0,0.0,0.0,0.0,0.0,0.0,0.0,0.0,0.0,0.0,0.0,0.0,0.0,0.0,0.0,0.0,0.0,0.0,0.0,0.0,0.0,0.0,0.0,0.0,0.0,0.0,0.0,0.0,0.0,0.0
Cabo Verde,CV,CPV,AFW,Rest of World,Secondary aluminium ingot production,kt,0.0,0.0,No 2019 secondary producer share; assigned zero,0.0,0.0,0.0,0.0,0.0,0.0,0.0,0.0,0.0,0.0,0.0,0.0,0.0,0.0,0.0,0.0,0.0,0.0,0.0,0.0,0.0,0.0,0.0,0.0,0.0,0.0,0.0,0.0,0.0,0.0,0.0,0.0
Central African Republic,CF,CAF,AFW,Rest of World,Secondary aluminium ingot production,kt,0.0,0.0,No 2019 secondary producer share; assigned zero,0.0,0.0,0.0,0.0,0.0,0.0,0.0,0.0,0.0,0.0,0.0,0.0,0.0,0.0,0.0,0.0,0.0,0.0,0.0,0.0,0.0,0.0,0.0,0.0,0.0,0.0,0.0,0.0,0.0,0.0,0.0,0.0
Chad,TD,TCD,AFW,Rest of World,Secondary aluminium ingot production,kt,0.0,0.0,No 2019 secondary producer share; assigned zero,0.0,0.0,0.0,0.0,0.0,0.0,0.0,0.0,0.0,0.0,0.0,0.0,0.0,0.0,0.0,0.0,0.0,0.0,0.0,0.0,0.0,0.0,0.0,0.0,0.0,0.0,0.0,0.0,0.0,0.0,0.0,0.0
Equatorial Guinea,GQ,GNQ,AFW,Rest of World,Secondary aluminium ingot production,kt,0.0,0.0,No 2019 secondary producer share; assigned zero,0.0,0.0,0.0,0.0,0.0,0.0,0.0,0.0,0.0,0.0,0.0,0.0,0.0,0.0,0.0,0.0,0.0,0.0,0.0,0.0,0.0,0.0,0.0,0.0,0.0,0.0,0.0,0.0,0.0,0.0,0.0,0.0
Gambia,GM,GMB,AFW,Rest of World,Secondary aluminium ingot production,kt,0.0,0.0,No 2019 secondary producer share; assigned zero,0.0,0.0,0.0,0.0,0.0,0.0,0.0,0.0,0.0,0.0,0.0,0.0,0.0,0.0,0.0,0.0,0.0,0.0,0.0,0.0,0.0,0.0,0.0,0.0,0.0,0.0,0.0,0.0,0.0,0.0,0.0,0.0
Guinea,GN,GIN,AFW,Other main producer,Secondary aluminium ingot production,kt,0.0,0.0,No 2019 secondary producer share; assigned zero,0.0,0.0,0.0,0.0,0.0,0.0,0.0,0.0,0.0,0.0,0.0,0.0,0.0,0.0,0.0,0.0,0.0,0.0,0.0,0.0,0.0,0.0,0.0,0.0,0.0,0.0,0.0,0.0,0.0,0.0,0.0,0.0
Guinea-Bissau,GW,GNB,AFW,Rest of World,Secondary aluminium ingot production,kt,0.0,0.0,No 2019 secondary producer share; assigned zero,0.0,0.0,0.0,0.0,0.0,0.0,0.0,0.0,0.0,0.0,0.0,0.0,0.0,0.0,0.0,0.0,0.0,0.0,0.0,0.0,0.0,0.0,0.0,0.0,0.0,0.0,0.0,0.0,0.0,0.0,0.0,0.0
Liberia,LR,LBR,AFW,Rest of World,Secondary aluminium ingot production,kt,0.0,0.0,No 2019 secondary producer share; assigned zero,0.0,0.0,0.0,0.0,0.0,0.0,0.0,0.0,0.0,0.0,0.0,0.0,0.0,0.0,0.0,0.0,0.0,0.0,0.0,0.0,0.0,0.0,0.0,0.0,0.0,0.0,0.0,0.0,0.0,0.0,0.0,0.0
Malawi,MW,MWI,AFW,Rest of World,Secondary aluminium ingot production,kt,0.0,0.0,No 2019 secondary producer share; assigned zero,0.0,0.0,0.0,0.0,0.0,0.0,0.0,0.0,0.0,0.0,0.0,0.0,0.0,0.0,0.0,0.0,0.0,0.0,0.0,0.0,0.0,0.0,0.0,0.0,0.0,0.0,0.0,0.0,0.0,0.0,0.0,0.0
Mali,ML,MLI,AFW,Rest of World,Secondary aluminium ingot production,kt,0.0,0.0,No 2019 secondary producer share; assigned zero,0.0,0.0,0.0,0.0,0.0,0.0,0.0,0.0,0.0,0.0,0.0,0.0,0.0,0.0,0.0,0.0,0.0,0.0,0.0,0.0,0.0,0.0,0.0,0.0,0.0,0.0,0.0,0.0,0.0,0.0,0.0,0.0
Mauritania,MR,MRT,AFW,Rest of World,Secondary aluminium ingot production,kt,0.0,0.0,No 2019 secondary producer share; assigned zero,0.0,0.0,0.0,0.0,0.0,0.0,0.0,0.0,0.0,0.0,0.0,0.0,0.0,0.0,0.0,0.0,0.0,0.0,0.0,0.0,0.0,0.0,0.0,0.0,0.0,0.0,0.0,0.0,0.0,0.0,0.0,0.0
Sao Tome and Principe,ST,STP,AFW,Rest of World,Secondary aluminium ingot production,kt,0.0,0.0,No 2019 secondary producer share; assigned zero,0.0,0.0,0.0,0.0,0.0,0.0,0.0,0.0,0.0,0.0,0.0,0.0,0.0,0.0,0.0,0.0,0.0,0.0,0.0,0.0,0.0,0.0,0.0,0.0,0.0,0.0,0.0,0.0,0.0,0.0,0.0,0.0
Sierra Leone,SL,SLE,AFW,Other main producer,Secondary aluminium ingot production,kt,0.0,0.0,No 2019 secondary producer share; assigned zero,0.0,0.0,0.0,0.0,0.0,0.0,0.0,0.0,0.0,0.0,0.0,0.0,0.0,0.0,0.0,0.0,0.0,0.0,0.0,0.0,0.0,0.0,0.0,0.0,0.0,0.0,0.0,0.0,0.0,0.0,0.0,0.0
Angola,AO,AGO,AFZ,Rest of World,Secondary aluminium ingot production,kt,0.0,0.0,No 2019 secondary producer share; assigned zero,0.0,0.0,0.0,0.0,0.0,0.0,0.0,0.0,0.0,0.0,0.0,0.0,0.0,0.0,0.0,0.0,0.0,0.0,0.0,0.0,0.0,0.0,0.0,0.0,0.0,0.0,0.0,0.0,0.0,0.0,0.0,0.0
Mozambique,MZ,MOZ,AFZ,Rest of World,Secondary aluminium ingot production,kt,43.17225203446464,0.7414698162729658,Primary producer share proxy; no explicit 2019 secondary producer map for Rest of World,43.17225203446464,69.28038875564249,95.38852547682035,121.4966621979982,147.60479891917606,173.71293564035392,240.32332854533738,257.58139594552864,275.0830253891452,292.85408579606576,311.2838127412337,330.36175596742106,350.10552534108007,370.49184144139286,391.4206076701697,412.6685210527234,433.9328938705754,455.02402142195007,475.78368869039406,496.245419541934,516.7667988435531,537.57543582026,558.5652517071949,579.9170589554371,601.8883745315246,624.1833648084761,646.4407766289692,668.6500543311582,690.5797038385081,712.1272135688284,733.3113648382285,753.639435668665
Zimbabwe,ZW,ZWE,AFZ,Other main producer,Secondary aluminium ingot production,kt,0.0,0.0,No 2019 secondary producer share; assigned zero,0.0,0.0,0.0,0.0,0.0,0.0,0.0,0.0,0.0,0.0,0.0,0.0,0.0,0.0,0.0,0.0,0.0,0.0,0.0,0.0,0.0,0.0,0.0,0.0,0.0,0.0,0.0,0.0,0.0,0.0,0.0,0.0
Zambia,ZM,ZMB,AFZ,Rest of World,Secondary aluminium ingot production,kt,0.0,0.0,No 2019 secondary producer share; assigned zero,0.0,0.0,0.0,0.0,0.0,0.0,0.0,0.0,0.0,0.0,0.0,0.0,0.0,0.0,0.0,0.0,0.0,0.0,0.0,0.0,0.0,0.0,0.0,0.0,0.0,0.0,0.0,0.0,0.0,0.0,0.0,0.0
Botswana,BW,BWA,AFZ,Rest of World,Secondary aluminium ingot production,kt,0.0,0.0,No 2019 secondary producer share; assigned zero,0.0,0.0,0.0,0.0,0.0,0.0,0.0,0.0,0.0,0.0,0.0,0.0,0.0,0.0,0.0,0.0,0.0,0.0,0.0,0.0,0.0,0.0,0.0,0.0,0.0,0.0,0.0,0.0,0.0,0.0,0.0,0.0
Namibia,,NAM,AFZ,Rest of World,Secondary aluminium ingot production,kt,0.0,0.0,No 2019 secondary producer share; assigned zero,0.0,0.0,0.0,0.0,0.0,0.0,0.0,0.0,0.0,0.0,0.0,0.0,0.0,0.0,0.0,0.0,0.0,0.0,0.0,0.0,0.0,0.0,0.0,0.0,0.0,0.0,0.0,0.0,0.0,0.0,0.0,0.0
South Africa,ZA,ZAF,AFZ,Other main producer,Secondary aluminium ingot production,kt,136.47486477264258,0.10309130122214234,Primary producer share proxy; no explicit 2019 secondary producer map for Other main producer,136.47486477264258,147.13011679882163,157.78536882500072,168.44062085117977,179.09587287735886,189.7511249035379,214.18097204644343,244.0358338212597,246.9166231711049,249.7268945458146,251.80410758107507,253.68263706061228,255.54134387008892,257.6040000858001,260.1055828117829,263.10938414534354,266.6315013711156,270.6116795173557,274.88838974872726,279.3132849129507,283.84829485241943,288.48768867316915,293.24933892087773,298.16573164045775,303.1857783013741,308.2968978904945,313.5218857718978,318.8397926975417,324.22369702896674,329.5979703770435,334.93270114367897,340.2601652737491
Eswatini,SZ,SWZ,AFZ,Rest of World,Secondary aluminium ingot production,kt,0.0,0.0,No 2019 secondary producer share; assigned zero,0.0,0.0,0.0,0.0,0.0,0.0,0.0,0.0,0.0,0.0,0.0,0.0,0.0,0.0,0.0,0.0,0.0,0.0,0.0,0.0,0.0,0.0,0.0,0.0,0.0,0.0,0.0,0.0,0.0,0.0,0.0,0.0
Lesotho,LS,LSO,AFZ,Rest of World,Secondary aluminium ingot production,kt,0.0,0.0,No 2019 secondary producer share; assigned zero,0.0,0.0,0.0,0.0,0.0,0.0,0.0,0.0,0.0,0.0,0.0,0.0,0.0,0.0,0.0,0.0,0.0,0.0,0.0,0.0,0.0,0.0,0.0,0.0,0.0,0.0,0.0,0.0,0.0,0.0,0.0,0.0
Nigeria,NG,NGA,NIG,Rest of World,Secondary aluminium ingot production,kt,0.0,0.0,No 2019 secondary producer share; assigned zero,0.0,0.0,0.0,0.0,0.0,0.0,0.0,0.0,0.0,0.0,0.0,0.0,0.0,0.0,0.0,0.0,0.0,0.0,0.0,0.0,0.0,0.0,0.0,0.0,0.0,0.0,0.0,0.0,0.0,0.0,0.0,0.0
Russian Federation,RU,RUS,RUS,Other main producer,Secondary aluminium ingot production,kt,692.2720825357057,0.5229331416247304,Primary producer share proxy; no explicit 2019 secondary producer map for Other main producer,692.2720825357057,746.3211085039251,800.3701344721444,854.4191604403637,908.468186408583,962.5172123768024,1086.438208274637,1237.8777233025405,1252.4905975917832,1266.7457677310008,1277.2824815514225,1286.8113681861184,1296.2397038431147,1306.702577841081,1319.3919172753895,1334.6287728544135,1352.4947984473463,1372.684349239362,1394.3780662707406,1416.823454990797,1439.8274035958848,1463.3608419864938,1487.5144290867954,1512.4529511525031,1537.9172603655475,1563.8435392297467,1590.3474177857634,1617.3226304615887,1644.6326165890544,1671.89374931842,1698.9543013382988,1725.9779931668418
Kazakhstan,KZ,KAZ,ASC,Other main producer,Secondary aluminium ingot production,kt,49.488793362464534,0.037383177570093455,Primary producer share proxy; no explicit 2019 secondary producer map for Other main producer,49.488793362464534,53.35262254908456,57.21645173570458,61.080280922324604,64.94411010894463,68.80793929556465,77.66674021209943,88.49277098120993,89.53740868129327,90.55647500963988,91.30971823023643,91.99091441528479,92.66492246335163,93.41288706040172,94.32001608237593,95.40926063847883,96.68645795884247,98.12975826291839,99.68058763552173,101.2851521302192,102.92964666893869,104.61199310324123,106.33867241203376,108.12146475107254,109.9418442933853,111.79524888637178,113.68994463137159,115.61833486940145,117.5706572211037,119.51948716601298,121.45397809952095,123.38583399048085
Uzbekistan,UZ,UZB,ASC,Rest of World,Secondary aluminium ingot production,kt,0.0,0.0,No 2019 secondary producer share; assigned zero,0.0,0.0,0.0,0.0,0.0,0.0,0.0,0.0,0.0,0.0,0.0,0.0,0.0,0.0,0.0,0.0,0.0,0.0,0.0,0.0,0.0,0.0,0.0,0.0,0.0,0.0,0.0,0.0,0.0,0.0,0.0,0.0
Turkmenistan,TM,TKM,ASC,Rest of World,Secondary aluminium ingot production,kt,0.0,0.0,No 2019 secondary producer share; assigned zero,0.0,0.0,0.0,0.0,0.0,0.0,0.0,0.0,0.0,0.0,0.0,0.0,0.0,0.0,0.0,0.0,0.0,0.0,0.0,0.0,0.0,0.0,0.0,0.0,0.0,0.0,0.0,0.0,0.0,0.0,0.0,0.0
Azerbaijan,AZ,AZE,ASC,Other main producer,Secondary aluminium ingot production,kt,9.517075646627795,0.007189072609633357,Primary producer share proxy; no explicit 2019 secondary producer map for Other main producer,9.517075646627795,10.2601197209778,11.003163795327804,11.746207869677809,12.489251944027814,13.232296018377818,14.93591157924989,17.017840573309602,17.218732438710244,17.414706732623053,17.55956119812239,17.690560464477844,17.82017739679839,17.964016742384946,18.138464631226142,18.347934738169005,18.593549607469704,18.871107358253536,19.169343776061872,19.477913871196,19.79416282094975,20.117690981392546,20.449744694621877,20.79258937520626,21.14266236411256,21.49908632430227,21.863450890648384,22.234295167192588,22.609741773289176,22.984516762694806,23.356534249907877,23.728044998169395
Mongolia,MN,MNG,ASC,Rest of World,Secondary aluminium ingot production,kt,0.0,0.0,No 2019 secondary producer share; assigned zero,0.0,0.0,0.0,0.0,0.0,0.0,0.0,0.0,0.0,0.0,0.0,0.0,0.0,0.0,0.0,0.0,0.0,0.0,0.0,0.0,0.0,0.0,0.0,0.0,0.0,0.0,0.0,0.0,0.0,0.0,0.0,0.0
Georgia,GE,GEO,ASC,Rest of World,Secondary aluminium ingot production,kt,0.0,0.0,No 2019 secondary producer share; assigned zero,0.0,0.0,0.0,0.0,0.0,0.0,0.0,0.0,0.0,0.0,0.0,0.0,0.0,0.0,0.0,0.0,0.0,0.0,0.0,0.0,0.0,0.0,0.0,0.0,0.0,0.0,0.0,0.0,0.0,0.0,0.0,0.0
Kyrgyzstan,KG,KGZ,ASC,Rest of World,Secondary aluminium ingot production,kt,0.0,0.0,No 2019 secondary producer share; assigned zero,0.0,0.0,0.0,0.0,0.0,0.0,0.0,0.0,0.0,0.0,0.0,0.0,0.0,0.0,0.0,0.0,0.0,0.0,0.0,0.0,0.0,0.0,0.0,0.0,0.0,0.0,0.0,0.0,0.0,0.0,0.0,0.0
Armenia,AM,ARM,ASC,Rest of World,Secondary aluminium ingot production,kt,0.0,0.0,No 2019 secondary producer share; assigned zero,0.0,0.0,0.0,0.0,0.0,0.0,0.0,0.0,0.0,0.0,0.0,0.0,0.0,0.0,0.0,0.0,0.0,0.0,0.0,0.0,0.0,0.0,0.0,0.0,0.0,0.0,0.0,0.0,0.0,0.0,0.0,0.0
Tajikistan,TJ,TJK,ASC,Rest of World,Secondary aluminium ingot production,kt,7.641106554772502,0.13123359580052493,Primary producer share proxy; no explicit 2019 secondary producer map for Rest of World,7.641106554772502,12.262015708963274,16.882924863154045,21.503834017344815,26.124743171535588,30.745652325726358,42.53510239740485,45.58962760097853,48.68726113082216,51.8325815568258,55.094480131191816,58.471107250870986,61.96557970638586,65.57377724626423,69.27798365843712,73.03867629251742,76.8022821009868,80.53522503043364,84.2095024230786,87.83104770653699,91.46315023779702,95.14609483544426,98.86110649684866,102.64018742574109,106.52891584628755,110.47493182450906,114.41429674849013,118.34514235949703,122.2264962546032,126.04021479094311,129.78962209526168,133.38751073781683
Afghanistan,AF,AFG,ASC,Rest of World,Secondary aluminium ingot production,kt,0.0,0.0,No 2019 secondary producer share; assigned zero,0.0,0.0,0.0,0.0,0.0,0.0,0.0,0.0,0.0,0.0,0.0,0.0,0.0,0.0,0.0,0.0,0.0,0.0,0.0,0.0,0.0,0.0,0.0,0.0,0.0,0.0,0.0,0.0,0.0,0.0,0.0,0.0
Thailand,TH,THA,ASE,Other Asia,Secondary aluminium ingot production,kt,23.0,0.0196078431372549,2019 secondary producer share from INF_Data,23.0,37.02299198353736,51.04598396707472,65.06897595061207,79.09196793414944,93.11495991768679,99.12860719912706,106.05196338534265,114.0301341750953,122.28849316412912,130.86688488418866,139.76555734323753,148.9852421258165,158.47708972885997,168.1697203087968,178.0093944313865,187.95089861623288,197.9670889169455,208.05967929265114,218.23862601602696,228.54316922208443,239.02607427590223,249.709189239804,260.62817147081,271.775111211095,283.10681177136695,294.6004032642696,306.21222549592096,317.8709883018081,329.5043868503339,341.0841271095498,352.5989915214039
Malaysia,MY,MYS,ASE,Other Asia,Secondary aluminium ingot production,kt,0.0,0.0,No 2019 secondary producer share; assigned zero,0.0,0.0,0.0,0.0,0.0,0.0,0.0,0.0,0.0,0.0,0.0,0.0,0.0,0.0,0.0,0.0,0.0,0.0,0.0,0.0,0.0,0.0,0.0,0.0,0.0,0.0,0.0,0.0,0.0,0.0,0.0,0.0
Singapore,SG,SGP,ASE,Other Asia,Secondary aluminium ingot production,kt,0.0,0.0,No 2019 secondary producer share; assigned zero,0.0,0.0,0.0,0.0,0.0,0.0,0.0,0.0,0.0,0.0,0.0,0.0,0.0,0.0,0.0,0.0,0.0,0.0,0.0,0.0,0.0,0.0,0.0,0.0,0.0,0.0,0.0,0.0,0.0,0.0,0.0,0.0
Myanmar,MM,MMR,ASE,Rest of World,Secondary aluminium ingot production,kt,0.0,0.0,No 2019 secondary producer share; assigned zero,0.0,0.0,0.0,0.0,0.0,0.0,0.0,0.0,0.0,0.0,0.0,0.0,0.0,0.0,0.0,0.0,0.0,0.0,0.0,0.0,0.0,0.0,0.0,0.0,0.0,0.0,0.0,0.0,0.0,0.0,0.0,0.0
Cambodia,KH,KHM,ASE,Rest of World,Secondary aluminium ingot production,kt,0.0,0.0,No 2019 secondary producer share; assigned zero,0.0,0.0,0.0,0.0,0.0,0.0,0.0,0.0,0.0,0.0,0.0,0.0,0.0,0.0,0.0,0.0,0.0,0.0,0.0,0.0,0.0,0.0,0.0,0.0,0.0,0.0,0.0,0.0,0.0,0.0,0.0,0.0
Brunei Darussalam,BN,BRN,ASE,Rest of World,Secondary aluminium ingot production,kt,0.0,0.0,No 2019 secondary producer share; assigned zero,0.0,0.0,0.0,0.0,0.0,0.0,0.0,0.0,0.0,0.0,0.0,0.0,0.0,0.0,0.0,0.0,0.0,0.0,0.0,0.0,0.0,0.0,0.0,0.0,0.0,0.0,0.0,0.0,0.0,0.0,0.0,0.0
Lao People's Democratic Republic,LA,LAO,ASE,Rest of World,Secondary aluminium ingot production,kt,0.0,0.0,No 2019 secondary producer share; assigned zero,0.0,0.0,0.0,0.0,0.0,0.0,0.0,0.0,0.0,0.0,0.0,0.0,0.0,0.0,0.0,0.0,0.0,0.0,0.0,0.0,0.0,0.0,0.0,0.0,0.0,0.0,0.0,0.0,0.0,0.0,0.0,0.0
Democratic People's Republic of Korea,KP,PRK,ASE,Rest of World,Secondary aluminium ingot production,kt,0.0,0.0,No 2019 secondary producer share; assigned zero,0.0,0.0,0.0,0.0,0.0,0.0,0.0,0.0,0.0,0.0,0.0,0.0,0.0,0.0,0.0,0.0,0.0,0.0,0.0,0.0,0.0,0.0,0.0,0.0,0.0,0.0,0.0,0.0,0.0,0.0,0.0,0.0
Cook Islands,CK,COK,ASE,Rest of World,Secondary aluminium ingot production,kt,0.0,0.0,No 2019 secondary producer share; assigned zero,0.0,0.0,0.0,0.0,0.0,0.0,0.0,0.0,0.0,0.0,0.0,0.0,0.0,0.0,0.0,0.0,0.0,0.0,0.0,0.0,0.0,0.0,0.0,0.0,0.0,0.0,0.0,0.0,0.0,0.0,0.0,0.0
Timor-Leste,TL,TLS,ASE,Rest of World,Secondary aluminium ingot production,kt,0.0,0.0,No 2019 secondary producer share; assigned zero,0.0,0.0,0.0,0.0,0.0,0.0,0.0,0.0,0.0,0.0,0.0,0.0,0.0,0.0,0.0,0.0,0.0,0.0,0.0,0.0,0.0,0.0,0.0,0.0,0.0,0.0,0.0,0.0,0.0,0.0,0.0,0.0
Fiji,FJ,FJI,ASE,Other main producer,Secondary aluminium ingot production,kt,0.0,0.0,No 2019 secondary producer share; assigned zero,0.0,0.0,0.0,0.0,0.0,0.0,0.0,0.0,0.0,0.0,0.0,0.0,0.0,0.0,0.0,0.0,0.0,0.0,0.0,0.0,0.0,0.0,0.0,0.0,0.0,0.0,0.0,0.0,0.0,0.0,0.0,0.0
French Polynesia,PF,PYF,ASE,Rest of World,Secondary aluminium ingot production,kt,0.0,0.0,No 2019 secondary producer share; assigned zero,0.0,0.0,0.0,0.0,0.0,0.0,0.0,0.0,0.0,0.0,0.0,0.0,0.0,0.0,0.0,0.0,0.0,0.0,0.0,0.0,0.0,0.0,0.0,0.0,0.0,0.0,0.0,0.0,0.0,0.0,0.0,0.0
Kiribati,KI,KIR,ASE,Rest of World,Secondary aluminium ingot production,kt,0.0,0.0,No 2019 secondary producer share; assigned zero,0.0,0.0,0.0,0.0,0.0,0.0,0.0,0.0,0.0,0.0,0.0,0.0,0.0,0.0,0.0,0.0,0.0,0.0,0.0,0.0,0.0,0.0,0.0,0.0,0.0,0.0,0.0,0.0,0.0,0.0,0.0,0.0
New Caledonia,NC,NCL,ASE,Rest of World,Secondary aluminium ingot production,kt,0.0,0.0,No 2019 secondary producer share; assigned zero,0.0,0.0,0.0,0.0,0.0,0.0,0.0,0.0,0.0,0.0,0.0,0.0,0.0,0.0,0.0,0.0,0.0,0.0,0.0,0.0,0.0,0.0,0.0,0.0,0.0,0.0,0.0,0.0,0.0,0.0,0.0,0.0
Palau,PW,PLW,ASE,Rest of World,Secondary aluminium ingot production,kt,0.0,0.0,No 2019 secondary producer share; assigned zero,0.0,0.0,0.0,0.0,0.0,0.0,0.0,0.0,0.0,0.0,0.0,0.0,0.0,0.0,0.0,0.0,0.0,0.0,0.0,0.0,0.0,0.0,0.0,0.0,0.0,0.0,0.0,0.0,0.0,0.0,0.0,0.0
Papua New Guinea,PG,PNG,ASE,Rest of World,Secondary aluminium ingot production,kt,0.0,0.0,No 2019 secondary producer share; assigned zero,0.0,0.0,0.0,0.0,0.0,0.0,0.0,0.0,0.0,0.0,0.0,0.0,0.0,0.0,0.0,0.0,0.0,0.0,0.0,0.0,0.0,0.0,0.0,0.0,0.0,0.0,0.0,0.0,0.0,0.0,0.0,0.0
American Samoa,AS,ASM,ASE,Rest of World,Secondary aluminium ingot production,kt,0.0,0.0,No 2019 secondary producer share; assigned zero,0.0,0.0,0.0,0.0,0.0,0.0,0.0,0.0,0.0,0.0,0.0,0.0,0.0,0.0,0.0,0.0,0.0,0.0,0.0,0.0,0.0,0.0,0.0,0.0,0.0,0.0,0.0,0.0,0.0,0.0,0.0,0.0
Solomon Islands,SB,SLB,ASE,Rest of World,Secondary aluminium ingot production,kt,0.0,0.0,No 2019 secondary producer share; assigned zero,0.0,0.0,0.0,0.0,0.0,0.0,0.0,0.0,0.0,0.0,0.0,0.0,0.0,0.0,0.0,0.0,0.0,0.0,0.0,0.0,0.0,0.0,0.0,0.0,0.0,0.0,0.0,0.0,0.0,0.0,0.0,0.0
Tonga,TO,TON,ASE,Rest of World,Secondary aluminium ingot production,kt,0.0,0.0,No 2019 secondary producer share; assigned zero,0.0,0.0,0.0,0.0,0.0,0.0,0.0,0.0,0.0,0.0,0.0,0.0,0.0,0.0,0.0,0.0,0.0,0.0,0.0,0.0,0.0,0.0,0.0,0.0,0.0,0.0,0.0,0.0,0.0,0.0,0.0,0.0
Vanuatu,VU,VUT,ASE,Rest of World,Secondary aluminium ingot production,kt,0.0,0.0,No 2019 secondary producer share; assigned zero,0.0,0.0,0.0,0.0,0.0,0.0,0.0,0.0,0.0,0.0,0.0,0.0,0.0,0.0,0.0,0.0,0.0,0.0,0.0,0.0,0.0,0.0,0.0,0.0,0.0,0.0,0.0,0.0,0.0,0.0,0.0,0.0
Niue,NU,NIU,ASE,Rest of World,Secondary aluminium ingot production,kt,0.0,0.0,No 2019 secondary producer share; assigned zero,0.0,0.0,0.0,0.0,0.0,0.0,0.0,0.0,0.0,0.0,0.0,0.0,0.0,0.0,0.0,0.0,0.0,0.0,0.0,0.0,0.0,0.0,0.0,0.0,0.0,0.0,0.0,0.0,0.0,0.0,0.0,0.0
Samoa,WS,WSM,ASE,Rest of World,Secondary aluminium ingot production,kt,0.0,0.0,No 2019 secondary producer share; assigned zero,0.0,0.0,0.0,0.0,0.0,0.0,0.0,0.0,0.0,0.0,0.0,0.0,0.0,0.0,0.0,0.0,0.0,0.0,0.0,0.0,0.0,0.0,0.0,0.0,0.0,0.0,0.0,0.0,0.0,0.0,0.0,0.0
Wallis and Futuna Islands,WF,WLF,ASE,Rest of World,Secondary aluminium ingot production,kt,0.0,0.0,No 2019 secondary producer share; assigned zero,0.0,0.0,0.0,0.0,0.0,0.0,0.0,0.0,0.0,0.0,0.0,0.0,0.0,0.0,0.0,0.0,0.0,0.0,0.0,0.0,0.0,0.0,0.0,0.0,0.0,0.0,0.0,0.0,0.0,0.0,0.0,0.0
Micronesia (Federated States of),FM,FSM,ASE,Rest of World,Secondary aluminium ingot production,kt,0.0,0.0,No 2019 secondary producer share; assigned zero,0.0,0.0,0.0,0.0,0.0,0.0,0.0,0.0,0.0,0.0,0.0,0.0,0.0,0.0,0.0,0.0,0.0,0.0,0.0,0.0,0.0,0.0,0.0,0.0,0.0,0.0,0.0,0.0,0.0,0.0,0.0,0.0
Nauru,NR,NRU,ASE,Rest of World,Secondary aluminium ingot production,kt,0.0,0.0,No 2019 secondary producer share; assigned zero,0.0,0.0,0.0,0.0,0.0,0.0,0.0,0.0,0.0,0.0,0.0,0.0,0.0,0.0,0.0,0.0,0.0,0.0,0.0,0.0,0.0,0.0,0.0,0.0,0.0,0.0,0.0,0.0,0.0,0.0,0.0,0.0
Tuvalu,TV,TUV,ASE,Rest of World,Secondary aluminium ingot production,kt,0.0,0.0,No 2019 secondary producer share; assigned zero,0.0,0.0,0.0,0.0,0.0,0.0,0.0,0.0,0.0,0.0,0.0,0.0,0.0,0.0,0.0,0.0,0.0,0.0,0.0,0.0,0.0,0.0,0.0,0.0,0.0,0.0,0.0,0.0,0.0,0.0,0.0,0.0
Northern Mariana Islands,MP,MNP,ASE,Rest of World,Secondary aluminium ingot production,kt,0.0,0.0,No 2019 secondary producer share; assigned zero,0.0,0.0,0.0,0.0,0.0,0.0,0.0,0.0,0.0,0.0,0.0,0.0,0.0,0.0,0.0,0.0,0.0,0.0,0.0,0.0,0.0,0.0,0.0,0.0,0.0,0.0,0.0,0.0,0.0,0.0,0.0,0.0
China,CN,CHN,CHN,China,Secondary aluminium ingot production,kt,11400.0,1.0,2019 secondary producer share from INF_Data,11400.0,13299.972742715723,15199.945485431444,17099.918228147166,18999.89097086289,20899.863713578612,20615.11047486758,21688.36802121259,23221.83007588203,24781.174907388468,26336.44326361598,27871.088547572937,29351.781455897104,30742.12955124956,32016.791612547593,33166.002052822136,34193.86580625454,35113.55424849035,35936.78029646088,36672.4187694562,37321.57230276434,37871.87142720705,38311.69723259362,38634.73102032627,38838.6644879558,38931.425335279266,38923.95180560426,38830.45035214178,38670.852472941195,38468.69997881305,38239.07427033035,37992.31949732976
"China, Hong Kong Special Administrative Region",HK,HKG,CHN,Rest of World,Secondary aluminium ingot production,kt,0.0,0.0,No 2019 secondary producer share; assigned zero,0.0,0.0,0.0,0.0,0.0,0.0,0.0,0.0,0.0,0.0,0.0,0.0,0.0,0.0,0.0,0.0,0.0,0.0,0.0,0.0,0.0,0.0,0.0,0.0,0.0,0.0,0.0,0.0,0.0,0.0,0.0,0.0
"China, Macao Special Administrative Region",MO,MAC,CHN,Rest of World,Secondary aluminium ingot production,kt,0.0,0.0,No 2019 secondary producer share; assigned zero,0.0,0.0,0.0,0.0,0.0,0.0,0.0,0.0,0.0,0.0,0.0,0.0,0.0,0.0,0.0,0.0,0.0,0.0,0.0,0.0,0.0,0.0,0.0,0.0,0.0,0.0,0.0,0.0,0.0,0.0,0.0,0.0
Indonesia,ID,IDN,IDN,Other Asia,Secondary aluminium ingot production,kt,0.0,0.0,No 2019 secondary producer share; assigned zero,0.0,0.0,0.0,0.0,0.0,0.0,0.0,0.0,0.0,0.0,0.0,0.0,0.0,0.0,0.0,0.0,0.0,0.0,0.0,0.0,0.0,0.0,0.0,0.0,0.0,0.0,0.0,0.0,0.0,0.0,0.0,0.0
Philippines,PH,PHL,IDN,Rest of World,Secondary aluminium ingot production,kt,0.0,0.0,No 2019 secondary producer share; assigned zero,0.0,0.0,0.0,0.0,0.0,0.0,0.0,0.0,0.0,0.0,0.0,0.0,0.0,0.0,0.0,0.0,0.0,0.0,0.0,0.0,0.0,0.0,0.0,0.0,0.0,0.0,0.0,0.0,0.0,0.0,0.0,0.0
Viet Nam,VN,VNM,IDN,Other Asia,Secondary aluminium ingot production,kt,0.0,0.0,No 2019 secondary producer share; assigned zero,0.0,0.0,0.0,0.0,0.0,0.0,0.0,0.0,0.0,0.0,0.0,0.0,0.0,0.0,0.0,0.0,0.0,0.0,0.0,0.0,0.0,0.0,0.0,0.0,0.0,0.0,0.0,0.0,0.0,0.0,0.0,0.0
India,IN,IND,IND,Other Asia,Secondary aluminium ingot production,kt,580.0,0.49445865302642794,2019 secondary producer share from INF_Data,580.0,933.6232761065942,1287.2465522131884,1640.8698283197825,1994.493104426377,2348.116380532971,2499.7648771953777,2674.3538592825535,2875.542513980664,3083.796784138908,3300.121444905627,3524.5227503946858,3757.0191492597205,3996.378784466903,4240.801642569658,4488.932555226268,4739.631356409351,4992.213546601234,5246.722347379898,5503.408829969375,5763.262528209086,6027.614046957535,6297.014337351578,6572.362584916078,6853.45932619283,7139.215253364906,7429.053647533754,7721.873512505832,8015.877096306465,8309.241059704073,8601.251901023428,8891.626742713663
Bangladesh,BD,BGD,ASO,Rest of World,Secondary aluminium ingot production,kt,0.0,0.0,No 2019 secondary producer share; assigned zero,0.0,0.0,0.0,0.0,0.0,0.0,0.0,0.0,0.0,0.0,0.0,0.0,0.0,0.0,0.0,0.0,0.0,0.0,0.0,0.0,0.0,0.0,0.0,0.0,0.0,0.0,0.0,0.0,0.0,0.0,0.0,0.0
Nepal,NP,NPL,ASO,Rest of World,Secondary aluminium ingot production,kt,0.0,0.0,No 2019 secondary producer share; assigned zero,0.0,0.0,0.0,0.0,0.0,0.0,0.0,0.0,0.0,0.0,0.0,0.0,0.0,0.0,0.0,0.0,0.0,0.0,0.0,0.0,0.0,0.0,0.0,0.0,0.0,0.0,0.0,0.0,0.0,0.0,0.0,0.0
Sri Lanka,LK,LKA,ASO,Rest of World,Secondary aluminium ingot production,kt,0.0,0.0,No 2019 secondary producer share; assigned zero,0.0,0.0,0.0,0.0,0.0,0.0,0.0,0.0,0.0,0.0,0.0,0.0,0.0,0.0,0.0,0.0,0.0,0.0,0.0,0.0,0.0,0.0,0.0,0.0,0.0,0.0,0.0,0.0,0.0,0.0,0.0,0.0
Pakistan,PK,PAK,ASO,Other Asia,Secondary aluminium ingot production,kt,0.0,0.0,No 2019 secondary producer share; assigned zero,0.0,0.0,0.0,0.0,0.0,0.0,0.0,0.0,0.0,0.0,0.0,0.0,0.0,0.0,0.0,0.0,0.0,0.0,0.0,0.0,0.0,0.0,0.0,0.0,0.0,0.0,0.0,0.0,0.0,0.0,0.0,0.0
Bhutan,BT,BTN,ASO,Rest of World,Secondary aluminium ingot production,kt,0.0,0.0,No 2019 secondary producer share; assigned zero,0.0,0.0,0.0,0.0,0.0,0.0,0.0,0.0,0.0,0.0,0.0,0.0,0.0,0.0,0.0,0.0,0.0,0.0,0.0,0.0,0.0,0.0,0.0,0.0,0.0,0.0,0.0,0.0,0.0,0.0,0.0,0.0
Maldives,MV,MDV,ASO,Rest of World,Secondary aluminium ingot production,kt,0.0,0.0,No 2019 secondary producer share; assigned zero,0.0,0.0,0.0,0.0,0.0,0.0,0.0,0.0,0.0,0.0,0.0,0.0,0.0,0.0,0.0,0.0,0.0,0.0,0.0,0.0,0.0,0.0,0.0,0.0,0.0,0.0,0.0,0.0,0.0,0.0,0.0,0.0
Japan,JP,JPN,JPN,Japan,Secondary aluminium ingot production,kt,1210.0,1.0,2019 secondary producer share from INF_Data,1210.0,1366.4797756674739,1522.9595513349475,1679.4393270024214,1835.919102669895,1992.3988783373688,2612.9977481878636,2399.1637188065847,2209.7994609993652,2042.9269901359405,1895.7781914341633,1765.543497741973,1650.7707702867274,1551.6582760572624,1468.0084131240715,1398.9784233784048,1344.4459477879316,1306.3382437409414,1283.4686121033303,1274.8880016020105,1278.695430442465,1292.2339743861444,1312.8835041449786,1340.7194502165698,1372.4749184999246,1402.5851164663343,1428.6809987084082,1449.3547332539092,1463.5732015075514,1469.441252372141,1465.6329352073444,1452.7779823956132
"Taiwan, Province of China",TW,TWN,SKT,Other Asia,Secondary aluminium ingot production,kt,0.0,0.0,No 2019 secondary producer share; assigned zero,0.0,0.0,0.0,0.0,0.0,0.0,0.0,0.0,0.0,0.0,0.0,0.0,0.0,0.0,0.0,0.0,0.0,0.0,0.0,0.0,0.0,0.0,0.0,0.0,0.0,0.0,0.0,0.0,0.0,0.0,0.0,0.0
Republic of Korea,KR,KOR,SKT,Other Asia,Secondary aluminium ingot production,kt,570.0,0.4859335038363171,2019 secondary producer share from INF_Data,570.0,917.5263230702737,1265.0526461405475,1612.578969210821,1960.105292281095,2307.6316153513685,2456.6654827609746,2628.2443099845786,2825.964194774101,3030.627874067548,3243.222799303806,3463.7551167671913,3692.2429570311047,3927.4757019760946,4167.6843728701815,4411.537166343057,4657.913574402293,4906.14089924604,5156.261617252659,5408.522470831972,5663.895932895136,5923.689666837577,6188.445124638621,6459.045988624422,6735.29623436192,7016.125335203442,7300.966515679724,7588.737762290214,7877.67231878394,8165.978282812623,8452.95445445406,8738.322833356531
Australia,AU,AUS,ANZ,Other main producer,Secondary aluminium ingot production,kt,298.83617530411277,0.22573687994248742,Primary producer share proxy; no explicit 2019 secondary producer map for Other main producer,298.83617530411277,322.1677592387029,345.499343173293,368.8309271078832,392.16251104247334,415.49409497706347,468.9876235884466,534.3601940019215,540.6681985755017,546.8217914043639,551.370221621043,555.4835985846044,559.5535702594694,564.0701257108873,569.5477894205009,576.1251507785068,583.8374576745488,592.552771049161,601.9173945683428,611.6064955555545,621.5367125778222,631.695496815726,642.121983411127,652.8873063814765,663.8795982331344,675.0713105830912,686.5123579663592,698.1568682498473,709.9458916812802,721.7138263486169,733.3951754471074,745.060612942519
New Zealand,NZ,NZL,ANZ,Other main producer,Secondary aluminium ingot production,kt,66.80987103932712,0.05046728971962617,Primary producer share proxy; no explicit 2019 secondary producer map for Other main producer,66.80987103932712,72.02604044126416,77.24220984320118,82.45837924513822,87.67454864707526,92.89071804901228,104.85009928633423,119.46524082463343,120.87550171974593,122.25124126301384,123.26811961081918,124.18773446063447,125.09764532552471,126.10739753154233,127.33202171120752,128.80250186194644,130.52671824443735,132.47517365493982,134.56879330795437,136.73495537579595,138.95502300306725,141.2261906893757,143.5572077562456,145.96397741394793,148.42148979607018,150.92358599660193,153.48142525235164,156.084752073692,158.72038724849003,161.35130767411755,163.9628704343533,166.57087588714916
United States of America,US,USA,USA,North America,Secondary aluminium ingot production,kt,3470.0,0.6912350597609562,2019 secondary producer share from INF_Data,3470.0,3730.3308355076365,3990.661671015273,4250.99250652291,4511.323342030546,4771.654177538183,4825.920567259969,4771.626198435634,4798.66572492894,4831.451394495731,4871.6056070669765,4915.305039042608,4961.923962943275,5013.126260530918,5067.350580411054,5124.138465806639,5184.003052663044,5245.541018124656,5308.146125733978,5372.754621979574,5437.820403337827,5500.817207133862,5562.002576659774,5622.369818533414,5681.584223377445,5737.174594698043,5788.332071699574,5837.133739612239,5881.8664858856555,5923.540623585472,5962.268721080313,5996.70777568878
Canada,CA,CAN,CAN,North America,Secondary aluminium ingot production,kt,1550.0,0.30876494023904383,2019 secondary producer share from INF_Data,1550.0,1666.28610807978,1782.57221615956,1898.8583242393397,2015.1444323191197,2131.4305403988997,2155.6705703898997,2131.4180425288855,2143.4962171872785,2158.1411128150958,2176.077432551531,2195.5973517337293,2216.4213667325866,2239.2927100354245,2263.5139480222283,2288.8802945245793,2315.6209601232617,2343.109100315048,2371.073917835062,2399.933620768974,2428.9975865053693,2457.1373691808317,2484.468009747161,2511.4332042440324,2537.8834427190313,2562.714876594226,2585.5661991741613,2607.3652151005676,2627.346701188117,2645.961950016565,2663.2612442865952,2678.644683665017
Argentina,AR,ARG,LAM,South America,Secondary aluminium ingot production,kt,0.0,0.0,No 2019 secondary producer share; assigned zero,0.0,0.0,0.0,0.0,0.0,0.0,0.0,0.0,0.0,0.0,0.0,0.0,0.0,0.0,0.0,0.0,0.0,0.0,0.0,0.0,0.0,0.0,0.0,0.0,0.0,0.0,0.0,0.0,0.0,0.0,0.0,0.0
Venezuela (Bolivarian Republic of),VE,VEN,LAM,South America,Secondary aluminium ingot production,kt,0.0,0.0,No 2019 secondary producer share; assigned zero,0.0,0.0,0.0,0.0,0.0,0.0,0.0,0.0,0.0,0.0,0.0,0.0,0.0,0.0,0.0,0.0,0.0,0.0,0.0,0.0,0.0,0.0,0.0,0.0,0.0,0.0,0.0,0.0,0.0,0.0,0.0,0.0
Colombia,CO,COL,LAM,Rest of World,Secondary aluminium ingot production,kt,0.0,0.0,No 2019 secondary producer share; assigned zero,0.0,0.0,0.0,0.0,0.0,0.0,0.0,0.0,0.0,0.0,0.0,0.0,0.0,0.0,0.0,0.0,0.0,0.0,0.0,0.0,0.0,0.0,0.0,0.0,0.0,0.0,0.0,0.0,0.0,0.0,0.0,0.0
Peru,PE,PER,LAM,Rest of World,Secondary aluminium ingot production,kt,0.0,0.0,No 2019 secondary producer share; assigned zero,0.0,0.0,0.0,0.0,0.0,0.0,0.0,0.0,0.0,0.0,0.0,0.0,0.0,0.0,0.0,0.0,0.0,0.0,0.0,0.0,0.0,0.0,0.0,0.0,0.0,0.0,0.0,0.0,0.0,0.0,0.0,0.0
Trinidad and Tobago,TT,TTO,LAM,Rest of World,Secondary aluminium ingot production,kt,0.0,0.0,No 2019 secondary producer share; assigned zero,0.0,0.0,0.0,0.0,0.0,0.0,0.0,0.0,0.0,0.0,0.0,0.0,0.0,0.0,0.0,0.0,0.0,0.0,0.0,0.0,0.0,0.0,0.0,0.0,0.0,0.0,0.0,0.0,0.0,0.0,0.0,0.0
Ecuador,EC,ECU,LAM,Rest of World,Secondary aluminium ingot production,kt,0.0,0.0,No 2019 secondary producer share; assigned zero,0.0,0.0,0.0,0.0,0.0,0.0,0.0,0.0,0.0,0.0,0.0,0.0,0.0,0.0,0.0,0.0,0.0,0.0,0.0,0.0,0.0,0.0,0.0,0.0,0.0,0.0,0.0,0.0,0.0,0.0,0.0,0.0
Guatemala,GT,GTM,LAM,Rest of World,Secondary aluminium ingot production,kt,0.0,0.0,No 2019 secondary producer share; assigned zero,0.0,0.0,0.0,0.0,0.0,0.0,0.0,0.0,0.0,0.0,0.0,0.0,0.0,0.0,0.0,0.0,0.0,0.0,0.0,0.0,0.0,0.0,0.0,0.0,0.0,0.0,0.0,0.0,0.0,0.0,0.0,0.0
Cuba,CU,CUB,LAM,Rest of World,Secondary aluminium ingot production,kt,0.0,0.0,No 2019 secondary producer share; assigned zero,0.0,0.0,0.0,0.0,0.0,0.0,0.0,0.0,0.0,0.0,0.0,0.0,0.0,0.0,0.0,0.0,0.0,0.0,0.0,0.0,0.0,0.0,0.0,0.0,0.0,0.0,0.0,0.0,0.0,0.0,0.0,0.0
Bolivia (Plurinational State of),BO,BOL,LAM,Rest of World,Secondary aluminium ingot production,kt,0.0,0.0,No 2019 secondary producer share; assigned zero,0.0,0.0,0.0,0.0,0.0,0.0,0.0,0.0,0.0,0.0,0.0,0.0,0.0,0.0,0.0,0.0,0.0,0.0,0.0,0.0,0.0,0.0,0.0,0.0,0.0,0.0,0.0,0.0,0.0,0.0,0.0,0.0
Dominican Republic,DO,DOM,LAM,South America,Secondary aluminium ingot production,kt,0.0,0.0,No 2019 secondary producer share; assigned zero,0.0,0.0,0.0,0.0,0.0,0.0,0.0,0.0,0.0,0.0,0.0,0.0,0.0,0.0,0.0,0.0,0.0,0.0,0.0,0.0,0.0,0.0,0.0,0.0,0.0,0.0,0.0,0.0,0.0,0.0,0.0,0.0
Honduras,HN,HND,LAM,Rest of World,Secondary aluminium ingot production,kt,0.0,0.0,No 2019 secondary producer share; assigned zero,0.0,0.0,0.0,0.0,0.0,0.0,0.0,0.0,0.0,0.0,0.0,0.0,0.0,0.0,0.0,0.0,0.0,0.0,0.0,0.0,0.0,0.0,0.0,0.0,0.0,0.0,0.0,0.0,0.0,0.0,0.0,0.0
Paraguay,PY,PRY,LAM,Rest of World,Secondary aluminium ingot production,kt,0.0,0.0,No 2019 secondary producer share; assigned zero,0.0,0.0,0.0,0.0,0.0,0.0,0.0,0.0,0.0,0.0,0.0,0.0,0.0,0.0,0.0,0.0,0.0,0.0,0.0,0.0,0.0,0.0,0.0,0.0,0.0,0.0,0.0,0.0,0.0,0.0,0.0,0.0
Uruguay,UY,URY,LAM,Rest of World,Secondary aluminium ingot production,kt,0.0,0.0,No 2019 secondary producer share; assigned zero,0.0,0.0,0.0,0.0,0.0,0.0,0.0,0.0,0.0,0.0,0.0,0.0,0.0,0.0,0.0,0.0,0.0,0.0,0.0,0.0,0.0,0.0,0.0,0.0,0.0,0.0,0.0,0.0,0.0,0.0,0.0,0.0
Costa Rica,CR,CRI,LAM,Rest of World,Secondary aluminium ingot production,kt,0.0,0.0,No 2019 secondary producer share; assigned zero,0.0,0.0,0.0,0.0,0.0,0.0,0.0,0.0,0.0,0.0,0.0,0.0,0.0,0.0,0.0,0.0,0.0,0.0,0.0,0.0,0.0,0.0,0.0,0.0,0.0,0.0,0.0,0.0,0.0,0.0,0.0,0.0
El Salvador,SV,SLV,LAM,Rest of World,Secondary aluminium ingot production,kt,0.0,0.0,No 2019 secondary producer share; assigned zero,0.0,0.0,0.0,0.0,0.0,0.0,0.0,0.0,0.0,0.0,0.0,0.0,0.0,0.0,0.0,0.0,0.0,0.0,0.0,0.0,0.0,0.0,0.0,0.0,0.0,0.0,0.0,0.0,0.0,0.0,0.0,0.0
Haiti,HT,HTI,LAM,South America,Secondary aluminium ingot production,kt,0.0,0.0,No 2019 secondary producer share; assigned zero,0.0,0.0,0.0,0.0,0.0,0.0,0.0,0.0,0.0,0.0,0.0,0.0,0.0,0.0,0.0,0.0,0.0,0.0,0.0,0.0,0.0,0.0,0.0,0.0,0.0,0.0,0.0,0.0,0.0,0.0,0.0,0.0
Panama,PA,PAN,LAM,Rest of World,Secondary aluminium ingot production,kt,0.0,0.0,No 2019 secondary producer share; assigned zero,0.0,0.0,0.0,0.0,0.0,0.0,0.0,0.0,0.0,0.0,0.0,0.0,0.0,0.0,0.0,0.0,0.0,0.0,0.0,0.0,0.0,0.0,0.0,0.0,0.0,0.0,0.0,0.0,0.0,0.0,0.0,0.0
Nicaragua,NI,NIC,LAM,Rest of World,Secondary aluminium ingot production,kt,0.0,0.0,No 2019 secondary producer share; assigned zero,0.0,0.0,0.0,0.0,0.0,0.0,0.0,0.0,0.0,0.0,0.0,0.0,0.0,0.0,0.0,0.0,0.0,0.0,0.0,0.0,0.0,0.0,0.0,0.0,0.0,0.0,0.0,0.0,0.0,0.0,0.0,0.0
Jamaica,JM,JAM,LAM,South America,Secondary aluminium ingot production,kt,0.0,0.0,No 2019 secondary producer share; assigned zero,0.0,0.0,0.0,0.0,0.0,0.0,0.0,0.0,0.0,0.0,0.0,0.0,0.0,0.0,0.0,0.0,0.0,0.0,0.0,0.0,0.0,0.0,0.0,0.0,0.0,0.0,0.0,0.0,0.0,0.0,0.0,0.0
Curaçao,CW,CUW,LAM,Rest of World,Secondary aluminium ingot production,kt,0.0,0.0,No 2019 secondary producer share; assigned zero,0.0,0.0,0.0,0.0,0.0,0.0,0.0,0.0,0.0,0.0,0.0,0.0,0.0,0.0,0.0,0.0,0.0,0.0,0.0,0.0,0.0,0.0,0.0,0.0,0.0,0.0,0.0,0.0,0.0,0.0,0.0,0.0
Suriname,SR,SUR,LAM,South America,Secondary aluminium ingot production,kt,0.0,0.0,No 2019 secondary producer share; assigned zero,0.0,0.0,0.0,0.0,0.0,0.0,0.0,0.0,0.0,0.0,0.0,0.0,0.0,0.0,0.0,0.0,0.0,0.0,0.0,0.0,0.0,0.0,0.0,0.0,0.0,0.0,0.0,0.0,0.0,0.0,0.0,0.0
Antigua and Barbuda,AG,ATG,LAM,Rest of World,Secondary aluminium ingot production,kt,0.0,0.0,No 2019 secondary producer share; assigned zero,0.0,0.0,0.0,0.0,0.0,0.0,0.0,0.0,0.0,0.0,0.0,0.0,0.0,0.0,0.0,0.0,0.0,0.0,0.0,0.0,0.0,0.0,0.0,0.0,0.0,0.0,0.0,0.0,0.0,0.0,0.0,0.0
Aruba,AW,ABW,LAM,Rest of World,Secondary aluminium ingot production,kt,0.0,0.0,No 2019 secondary producer share; assigned zero,0.0,0.0,0.0,0.0,0.0,0.0,0.0,0.0,0.0,0.0,0.0,0.0,0.0,0.0,0.0,0.0,0.0,0.0,0.0,0.0,0.0,0.0,0.0,0.0,0.0,0.0,0.0,0.0,0.0,0.0,0.0,0.0
Bahamas,BS,BHS,LAM,Rest of World,Secondary aluminium ingot production,kt,0.0,0.0,No 2019 secondary producer share; assigned zero,0.0,0.0,0.0,0.0,0.0,0.0,0.0,0.0,0.0,0.0,0.0,0.0,0.0,0.0,0.0,0.0,0.0,0.0,0.0,0.0,0.0,0.0,0.0,0.0,0.0,0.0,0.0,0.0,0.0,0.0,0.0,0.0
Barbados,BB,BRB,LAM,Rest of World,Secondary aluminium ingot production,kt,0.0,0.0,No 2019 secondary producer share; assigned zero,0.0,0.0,0.0,0.0,0.0,0.0,0.0,0.0,0.0,0.0,0.0,0.0,0.0,0.0,0.0,0.0,0.0,0.0,0.0,0.0,0.0,0.0,0.0,0.0,0.0,0.0,0.0,0.0,0.0,0.0,0.0,0.0
Belize,BZ,BLZ,LAM,Rest of World,Secondary aluminium ingot production,kt,0.0,0.0,No 2019 secondary producer share; assigned zero,0.0,0.0,0.0,0.0,0.0,0.0,0.0,0.0,0.0,0.0,0.0,0.0,0.0,0.0,0.0,0.0,0.0,0.0,0.0,0.0,0.0,0.0,0.0,0.0,0.0,0.0,0.0,0.0,0.0,0.0,0.0,0.0
Bermuda,BM,BMU,LAM,Rest of World,Secondary aluminium ingot production,kt,0.0,0.0,No 2019 secondary producer share; assigned zero,0.0,0.0,0.0,0.0,0.0,0.0,0.0,0.0,0.0,0.0,0.0,0.0,0.0,0.0,0.0,0.0,0.0,0.0,0.0,0.0,0.0,0.0,0.0,0.0,0.0,0.0,0.0,0.0,0.0,0.0,0.0,0.0
British Virgin Islands,VG,VGB,LAM,Rest of World,Secondary aluminium ingot production,kt,0.0,0.0,No 2019 secondary producer share; assigned zero,0.0,0.0,0.0,0.0,0.0,0.0,0.0,0.0,0.0,0.0,0.0,0.0,0.0,0.0,0.0,0.0,0.0,0.0,0.0,0.0,0.0,0.0,0.0,0.0,0.0,0.0,0.0,0.0,0.0,0.0,0.0,0.0
Cayman Islands,KY,CYM,LAM,Rest of World,Secondary aluminium ingot production,kt,0.0,0.0,No 2019 secondary producer share; assigned zero,0.0,0.0,0.0,0.0,0.0,0.0,0.0,0.0,0.0,0.0,0.0,0.0,0.0,0.0,0.0,0.0,0.0,0.0,0.0,0.0,0.0,0.0,0.0,0.0,0.0,0.0,0.0,0.0,0.0,0.0,0.0,0.0
Dominica,DM,DMA,LAM,Rest of World,Secondary aluminium ingot production,kt,0.0,0.0,No 2019 secondary producer share; assigned zero,0.0,0.0,0.0,0.0,0.0,0.0,0.0,0.0,0.0,0.0,0.0,0.0,0.0,0.0,0.0,0.0,0.0,0.0,0.0,0.0,0.0,0.0,0.0,0.0,0.0,0.0,0.0,0.0,0.0,0.0,0.0,0.0
Falkland Islands (Malvinas),FK,FLK,LAM,Rest of World,Secondary aluminium ingot production,kt,0.0,0.0,No 2019 secondary producer share; assigned zero,0.0,0.0,0.0,0.0,0.0,0.0,0.0,0.0,0.0,0.0,0.0,0.0,0.0,0.0,0.0,0.0,0.0,0.0,0.0,0.0,0.0,0.0,0.0,0.0,0.0,0.0,0.0,0.0,0.0,0.0,0.0,0.0
Guyana,GY,GUY,LAM,South America,Secondary aluminium ingot production,kt,0.0,0.0,No 2019 secondary producer share; assigned zero,0.0,0.0,0.0,0.0,0.0,0.0,0.0,0.0,0.0,0.0,0.0,0.0,0.0,0.0,0.0,0.0,0.0,0.0,0.0,0.0,0.0,0.0,0.0,0.0,0.0,0.0,0.0,0.0,0.0,0.0,0.0,0.0
Grenada,GD,GRD,LAM,Rest of World,Secondary aluminium ingot production,kt,0.0,0.0,No 2019 secondary producer share; assigned zero,0.0,0.0,0.0,0.0,0.0,0.0,0.0,0.0,0.0,0.0,0.0,0.0,0.0,0.0,0.0,0.0,0.0,0.0,0.0,0.0,0.0,0.0,0.0,0.0,0.0,0.0,0.0,0.0,0.0,0.0,0.0,0.0
Guadeloupe,GP,GLP,LAM,Rest of World,Secondary aluminium ingot production,kt,0.0,0.0,No 2019 secondary producer share; assigned zero,0.0,0.0,0.0,0.0,0.0,0.0,0.0,0.0,0.0,0.0,0.0,0.0,0.0,0.0,0.0,0.0,0.0,0.0,0.0,0.0,0.0,0.0,0.0,0.0,0.0,0.0,0.0,0.0,0.0,0.0,0.0,0.0
Cooperative Republic of Guyana,GY,GUY,LAM,South America,Secondary aluminium ingot production,kt,0.0,0.0,No 2019 secondary producer share; assigned zero,0.0,0.0,0.0,0.0,0.0,0.0,0.0,0.0,0.0,0.0,0.0,0.0,0.0,0.0,0.0,0.0,0.0,0.0,0.0,0.0,0.0,0.0,0.0,0.0,0.0,0.0,0.0,0.0,0.0,0.0,0.0,0.0
Martinique,MQ,MTQ,LAM,Rest of World,Secondary aluminium ingot production,kt,0.0,0.0,No 2019 secondary producer share; assigned zero,0.0,0.0,0.0,0.0,0.0,0.0,0.0,0.0,0.0,0.0,0.0,0.0,0.0,0.0,0.0,0.0,0.0,0.0,0.0,0.0,0.0,0.0,0.0,0.0,0.0,0.0,0.0,0.0,0.0,0.0,0.0,0.0
Montserrat,MS,MSR,LAM,Rest of World,Secondary aluminium ingot production,kt,0.0,0.0,No 2019 secondary producer share; assigned zero,0.0,0.0,0.0,0.0,0.0,0.0,0.0,0.0,0.0,0.0,0.0,0.0,0.0,0.0,0.0,0.0,0.0,0.0,0.0,0.0,0.0,0.0,0.0,0.0,0.0,0.0,0.0,0.0,0.0,0.0,0.0,0.0
Puerto Rico,PR,PRI,LAM,Rest of World,Secondary aluminium ingot production,kt,0.0,0.0,No 2019 secondary producer share; assigned zero,0.0,0.0,0.0,0.0,0.0,0.0,0.0,0.0,0.0,0.0,0.0,0.0,0.0,0.0,0.0,0.0,0.0,0.0,0.0,0.0,0.0,0.0,0.0,0.0,0.0,0.0,0.0,0.0,0.0,0.0,0.0,0.0
"Bonaire, Sint Eustatius and Saba",BQ,BES,LAM,Rest of World,Secondary aluminium ingot production,kt,0.0,0.0,No 2019 secondary producer share; assigned zero,0.0,0.0,0.0,0.0,0.0,0.0,0.0,0.0,0.0,0.0,0.0,0.0,0.0,0.0,0.0,0.0,0.0,0.0,0.0,0.0,0.0,0.0,0.0,0.0,0.0,0.0,0.0,0.0,0.0,0.0,0.0,0.0
Saint Kitts and Nevis,KN,KNA,LAM,Rest of World,Secondary aluminium ingot production,kt,0.0,0.0,No 2019 secondary producer share; assigned zero,0.0,0.0,0.0,0.0,0.0,0.0,0.0,0.0,0.0,0.0,0.0,0.0,0.0,0.0,0.0,0.0,0.0,0.0,0.0,0.0,0.0,0.0,0.0,0.0,0.0,0.0,0.0,0.0,0.0,0.0,0.0,0.0
Saint Lucia,LC,LCA,LAM,Rest of World,Secondary aluminium ingot production,kt,0.0,0.0,No 2019 secondary producer share; assigned zero,0.0,0.0,0.0,0.0,0.0,0.0,0.0,0.0,0.0,0.0,0.0,0.0,0.0,0.0,0.0,0.0,0.0,0.0,0.0,0.0,0.0,0.0,0.0,0.0,0.0,0.0,0.0,0.0,0.0,0.0,0.0,0.0
Saint Pierre and Miquelon,PM,SPM,LAM,Rest of World,Secondary aluminium ingot production,kt,0.0,0.0,No 2019 secondary producer share; assigned zero,0.0,0.0,0.0,0.0,0.0,0.0,0.0,0.0,0.0,0.0,0.0,0.0,0.0,0.0,0.0,0.0,0.0,0.0,0.0,0.0,0.0,0.0,0.0,0.0,0.0,0.0,0.0,0.0,0.0,0.0,0.0,0.0
Saint Vincent and the Grenadines,VC,VCT,LAM,Rest of World,Secondary aluminium ingot production,kt,0.0,0.0,No 2019 secondary producer share; assigned zero,0.0,0.0,0.0,0.0,0.0,0.0,0.0,0.0,0.0,0.0,0.0,0.0,0.0,0.0,0.0,0.0,0.0,0.0,0.0,0.0,0.0,0.0,0.0,0.0,0.0,0.0,0.0,0.0,0.0,0.0,0.0,0.0
Saint Martin,MF,MAF,LAM,Rest of World,Secondary aluminium ingot production,kt,0.0,0.0,No 2019 secondary producer share; assigned zero,0.0,0.0,0.0,0.0,0.0,0.0,0.0,0.0,0.0,0.0,0.0,0.0,0.0,0.0,0.0,0.0,0.0,0.0,0.0,0.0,0.0,0.0,0.0,0.0,0.0,0.0,0.0,0.0,0.0,0.0,0.0,0.0
Turks and Caicos Islands,TC,TCA,LAM,Rest of World,Secondary aluminium ingot production,kt,0.0,0.0,No 2019 secondary producer share; assigned zero,0.0,0.0,0.0,0.0,0.0,0.0,0.0,0.0,0.0,0.0,0.0,0.0,0.0,0.0,0.0,0.0,0.0,0.0,0.0,0.0,0.0,0.0,0.0,0.0,0.0,0.0,0.0,0.0,0.0,0.0,0.0,0.0
Sint Maarten (Dutch part),SX,SXM,LAM,Rest of World,Secondary aluminium ingot production,kt,0.0,0.0,No 2019 secondary producer share; assigned zero,0.0,0.0,0.0,0.0,0.0,0.0,0.0,0.0,0.0,0.0,0.0,0.0,0.0,0.0,0.0,0.0,0.0,0.0,0.0,0.0,0.0,0.0,0.0,0.0,0.0,0.0,0.0,0.0,0.0,0.0,0.0,0.0
Anguilla,AI,AIA,LAM,Rest of World,Secondary aluminium ingot production,kt,0.0,0.0,No 2019 secondary producer share; assigned zero,0.0,0.0,0.0,0.0,0.0,0.0,0.0,0.0,0.0,0.0,0.0,0.0,0.0,0.0,0.0,0.0,0.0,0.0,0.0,0.0,0.0,0.0,0.0,0.0,0.0,0.0,0.0,0.0,0.0,0.0,0.0,0.0
Brazil,BR,BRA,BRA,South America,Secondary aluminium ingot production,kt,760.8000000000001,1.0,2019 secondary producer share from INF_Data,760.8000000000001,1006.3799551717982,1251.9599103435962,1497.5398655153942,1743.1198206871923,1988.6997758589903,2048.6391428969237,2124.5438936292353,2207.719223717316,2286.845822872908,2362.951323272021,2437.4134964552713,2511.383998942526,2585.2472076242025,2659.072550396843,2732.497059920327,2805.204116706124,2876.467609442141,2945.7559560881455,3013.3353654298853,3079.7673535684266,3145.5527558482627,3211.3196802026587,3277.429121060356,3344.0949141203673,3411.378197237982,3478.890662637679,3546.203538518275,3612.7743275465614,3678.2189074140556,3741.9760691575966,3803.6688819345254
Mexico,MX,MEX,MEX,North America,Secondary aluminium ingot production,kt,0.0,0.0,No 2019 secondary producer share; assigned zero,0.0,0.0,0.0,0.0,0.0,0.0,0.0,0.0,0.0,0.0,0.0,0.0,0.0,0.0,0.0,0.0,0.0,0.0,0.0,0.0,0.0,0.0,0.0,0.0,0.0,0.0,0.0,0.0,0.0,0.0,0.0,0.0
Chile,CL,CHL,CHL,Rest of World,Secondary aluminium ingot production,kt,0.0,0.0,No 2019 secondary producer share; assigned zero,0.0,0.0,0.0,0.0,0.0,0.0,0.0,0.0,0.0,0.0,0.0,0.0,0.0,0.0,0.0,0.0,0.0,0.0,0.0,0.0,0.0,0.0,0.0,0.0,0.0,0.0,0.0,0.0,0.0,0.0,0.0,0.0
Ukraine,UA,UKR,ENE,Europe,Secondary aluminium ingot production,kt,0.0,0.0,No 2019 secondary producer share; assigned zero,0.0,0.0,0.0,0.0,0.0,0.0,0.0,0.0,0.0,0.0,0.0,0.0,0.0,0.0,0.0,0.0,0.0,0.0,0.0,0.0,0.0,0.0,0.0,0.0,0.0,0.0,0.0,0.0,0.0,0.0,0.0,0.0
Belarus,BY,BLR,ENE,Rest of World,Secondary aluminium ingot production,kt,0.0,0.0,No 2019 secondary producer share; assigned zero,0.0,0.0,0.0,0.0,0.0,0.0,0.0,0.0,0.0,0.0,0.0,0.0,0.0,0.0,0.0,0.0,0.0,0.0,0.0,0.0,0.0,0.0,0.0,0.0,0.0,0.0,0.0,0.0,0.0,0.0,0.0,0.0
Serbia,RS,SRB,ENE,Europe,Secondary aluminium ingot production,kt,79.0,0.03428819444444445,2019 secondary producer share from INF_Data,79.0,133.03917539945203,187.07835079890407,241.11752619835607,295.15670159780814,349.19587699726014,315.90164278857657,309.63893540267526,311.6153426651753,313.88119866723804,317.1133102924259,320.9887330238474,325.49394874252835,330.5034661519312,335.86609700079225,341.37637930625453,346.77627403456916,351.8661082164808,356.4983405639074,360.59907639617927,364.1019678791016,366.97515145246643,369.25908452189617,370.9968183968324,372.18623681854314,372.830784453889,373.0318245528235,372.8965671471481,372.5206507287645,371.9778867533586,367.6260639739519,363.6098322038966
Bosnia and Herzegovina,BA,BIH,ENE,Rest of World,Secondary aluminium ingot production,kt,4.202608605124877,0.07217847769028872,Primary producer share proxy; no explicit 2019 secondary producer map for Rest of World,4.202608605124877,6.744108639929802,9.285608674734727,11.827108709539651,14.368608744344577,16.9101087791495,23.394306318572667,25.074295180538194,26.777993621952188,28.507919856254194,30.3019640721555,32.159108987979046,34.08106883851222,36.065577485445324,38.10289101214042,40.17127196088459,42.241255155542746,44.29437376673851,46.315226332693236,48.30707623859535,50.30473263078837,52.330352159494346,54.37360857326677,56.452103084157606,58.590903715458154,60.76121250347999,62.92786321166958,65.08982829772337,67.22457294003176,69.32211813501871,71.38429215239394,73.36313090579927
Republic of Moldova,MD,MDA,ENE,Europe,Secondary aluminium ingot production,kt,0.0,0.0,No 2019 secondary producer share; assigned zero,0.0,0.0,0.0,0.0,0.0,0.0,0.0,0.0,0.0,0.0,0.0,0.0,0.0,0.0,0.0,0.0,0.0,0.0,0.0,0.0,0.0,0.0,0.0,0.0,0.0,0.0,0.0,0.0,0.0,0.0,0.0,0.0
Republic of North Macedonia,MK,MKD,ENE,Europe,Secondary aluminium ingot production,kt,0.0,0.0,No 2019 secondary producer share; assigned zero,0.0,0.0,0.0,0.0,0.0,0.0,0.0,0.0,0.0,0.0,0.0,0.0,0.0,0.0,0.0,0.0,0.0,0.0,0.0,0.0,0.0,0.0,0.0,0.0,0.0,0.0,0.0,0.0,0.0,0.0,0.0,0.0
Kosovo,XK,XKX,ENE,Rest of World,Secondary aluminium ingot production,kt,0.0,0.0,No 2019 secondary producer share; assigned zero,0.0,0.0,0.0,0.0,0.0,0.0,0.0,0.0,0.0,0.0,0.0,0.0,0.0,0.0,0.0,0.0,0.0,0.0,0.0,0.0,0.0,0.0,0.0,0.0,0.0,0.0,0.0,0.0,0.0,0.0,0.0,0.0
Albania,AL,ALB,ENE,Rest of World,Secondary aluminium ingot production,kt,0.0,0.0,No 2019 secondary producer share; assigned zero,0.0,0.0,0.0,0.0,0.0,0.0,0.0,0.0,0.0,0.0,0.0,0.0,0.0,0.0,0.0,0.0,0.0,0.0,0.0,0.0,0.0,0.0,0.0,0.0,0.0,0.0,0.0,0.0,0.0,0.0,0.0,0.0
Montenegro,ME,MNE,ENE,Europe,Secondary aluminium ingot production,kt,0.0,0.0,No 2019 secondary producer share; assigned zero,0.0,0.0,0.0,0.0,0.0,0.0,0.0,0.0,0.0,0.0,0.0,0.0,0.0,0.0,0.0,0.0,0.0,0.0,0.0,0.0,0.0,0.0,0.0,0.0,0.0,0.0,0.0,0.0,0.0,0.0,0.0,0.0
Norway,NO,NOR,ENW,Europe,Secondary aluminium ingot production,kt,0.0,0.0,No 2019 secondary producer share; assigned zero,0.0,0.0,0.0,0.0,0.0,0.0,0.0,0.0,0.0,0.0,0.0,0.0,0.0,0.0,0.0,0.0,0.0,0.0,0.0,0.0,0.0,0.0,0.0,0.0,0.0,0.0,0.0,0.0,0.0,0.0,0.0,0.0
Svalbard and Jan Mayen Islands,SJ,SJM,ENW,Rest of World,Secondary aluminium ingot production,kt,0.0,0.0,No 2019 secondary producer share; assigned zero,0.0,0.0,0.0,0.0,0.0,0.0,0.0,0.0,0.0,0.0,0.0,0.0,0.0,0.0,0.0,0.0,0.0,0.0,0.0,0.0,0.0,0.0,0.0,0.0,0.0,0.0,0.0,0.0,0.0,0.0,0.0,0.0
Switzerland,CH,CHE,ENW,Europe,Secondary aluminium ingot production,kt,0.0,0.0,No 2019 secondary producer share; assigned zero,0.0,0.0,0.0,0.0,0.0,0.0,0.0,0.0,0.0,0.0,0.0,0.0,0.0,0.0,0.0,0.0,0.0,0.0,0.0,0.0,0.0,0.0,0.0,0.0,0.0,0.0,0.0,0.0,0.0,0.0,0.0,0.0
Liechtenstein,LI,LIE,ENW,Rest of World,Secondary aluminium ingot production,kt,0.0,0.0,No 2019 secondary producer share; assigned zero,0.0,0.0,0.0,0.0,0.0,0.0,0.0,0.0,0.0,0.0,0.0,0.0,0.0,0.0,0.0,0.0,0.0,0.0,0.0,0.0,0.0,0.0,0.0,0.0,0.0,0.0,0.0,0.0,0.0,0.0,0.0,0.0
Iceland,IS,ISL,ENW,Europe,Secondary aluminium ingot production,kt,0.0,0.0,No 2019 secondary producer share; assigned zero,0.0,0.0,0.0,0.0,0.0,0.0,0.0,0.0,0.0,0.0,0.0,0.0,0.0,0.0,0.0,0.0,0.0,0.0,0.0,0.0,0.0,0.0,0.0,0.0,0.0,0.0,0.0,0.0,0.0,0.0,0.0,0.0
United Kingdom of Great Britain and Northern Ireland,GB,GBR,ENW,UK,Secondary aluminium ingot production,kt,149.0,1.0,2019 secondary producer share from INF_Data,149.0,190.774556937382,232.54911387476398,274.32367081214596,316.09822774952795,357.87278468690994,439.02204871586605,448.7504255919675,456.9271479432494,462.91767253474336,465.8554885657778,467.9321084176642,468.6949854481816,468.5602858951336,469.74339592702546,470.8953892222547,472.5109936314228,474.6854535693271,476.45533651388513,478.8025582304407,480.6201267361084,481.58687970727686,482.28196894873804,482.472026747072,482.7020539695326,482.37788327152435,481.66718273915166,481.23890858293487,480.8462540563424,480.16426950766845,478.7442602875477,476.89875013102306
Gibraltar,GI,GIB,ENW,Rest of World,Secondary aluminium ingot production,kt,0.0,0.0,No 2019 secondary producer share; assigned zero,0.0,0.0,0.0,0.0,0.0,0.0,0.0,0.0,0.0,0.0,0.0,0.0,0.0,0.0,0.0,0.0,0.0,0.0,0.0,0.0,0.0,0.0,0.0,0.0,0.0,0.0,0.0,0.0,0.0,0.0,0.0,0.0
Saint Helena,SH ,SHN,ENW,Rest of World,Secondary aluminium ingot production,kt,0.0,0.0,No 2019 secondary producer share; assigned zero,0.0,0.0,0.0,0.0,0.0,0.0,0.0,0.0,0.0,0.0,0.0,0.0,0.0,0.0,0.0,0.0,0.0,0.0,0.0,0.0,0.0,0.0,0.0,0.0,0.0,0.0,0.0,0.0,0.0,0.0,0.0,0.0
Liechtenstein,LI,LIE,ENW,Rest of World,Secondary aluminium ingot production,kt,0.0,0.0,No 2019 secondary producer share; assigned zero,0.0,0.0,0.0,0.0,0.0,0.0,0.0,0.0,0.0,0.0,0.0,0.0,0.0,0.0,0.0,0.0,0.0,0.0,0.0,0.0,0.0,0.0,0.0,0.0,0.0,0.0,0.0,0.0,0.0,0.0,0.0,0.0
Poland,PL,POL,EUE,Europe,Secondary aluminium ingot production,kt,13.0,0.005642361111111111,2019 secondary producer share from INF_Data,13.0,21.892522534087043,30.78504506817408,39.67756760226112,48.57009013634816,57.462612670435206,51.98381463609487,50.953242534617445,51.278474109459225,51.65133648954549,52.183202959513125,52.82093075075969,53.56229536269453,54.3866463287988,55.26910456975062,56.17585988583935,57.06445015758732,57.90201780777532,58.664283890263235,59.33908852089026,59.91551370162431,60.38831606179827,60.764153149172785,61.05010935644077,61.245836438494436,61.351901239247546,61.384983787173475,61.36272623940412,61.30086657561947,61.21155098472989,60.495428248878156,59.834529350008296
Czechia,CZ,CZE,EUE,Europe,Secondary aluminium ingot production,kt,66.0,0.028645833333333332,2019 secondary producer share from INF_Data,66.0,111.14665286536498,156.29330573072997,201.43995859609493,246.58661146145994,291.7332643268249,263.91782815248166,258.6856928680578,260.3368685557161,262.2298621776925,264.93010733291277,268.16780227308766,271.93165337983373,276.11681982313235,280.5969924310416,285.20051942041516,289.7118238769818,293.9640904087055,297.8340566736441,301.25998787528897,304.1864541774773,306.5868353906681,308.4949313727234,309.9467090403916,310.94040038004863,311.47888321464137,311.6468407656499,311.533840907744,311.219784153145,310.76633576862866,307.1306357250737,303.77530285388826
Romania,RO,ROU,EUE,Europe,Secondary aluminium ingot production,kt,8.0,0.003472222222222222,2019 secondary producer share from INF_Data,8.0,13.472321559438178,18.944643118876357,24.416964678314535,29.889286237752714,35.36160779719089,31.99003977605838,31.355841559764578,31.555984067359525,31.785437839720302,32.1127402827773,32.50518815431366,32.96141253088894,33.468705433106955,34.01175665830807,34.56975992974729,35.11658471236143,35.632010958630964,36.101097778623526,36.5163621667017,36.871085354845725,37.162040653414316,37.39332501487556,37.56929806550201,37.689745500611956,37.755016147229256,37.775374638260594,37.76167768578715,37.72361020038121,37.66864675983378,37.22795584546348,36.82124883077433
Hungary,HU,HUN,EUE,Europe,Secondary aluminium ingot production,kt,0.0,0.0,No 2019 secondary producer share; assigned zero,0.0,0.0,0.0,0.0,0.0,0.0,0.0,0.0,0.0,0.0,0.0,0.0,0.0,0.0,0.0,0.0,0.0,0.0,0.0,0.0,0.0,0.0,0.0,0.0,0.0,0.0,0.0,0.0,0.0,0.0,0.0,0.0
Bulgaria,BG,BGR,EUE,Europe,Secondary aluminium ingot production,kt,18.0,0.0078125,2019 secondary producer share from INF_Data,18.0,30.312723508735903,42.62544701747181,54.938170526207706,67.25089403494361,79.56361754367951,71.97758949613136,70.5506435094703,71.00096415155893,71.51723513937068,72.25366563624894,73.13667334720573,74.16317819450012,75.30458722449065,76.52645248119316,77.78195984193141,79.01231560281322,80.17202465691967,81.22747000190294,82.16181487507882,82.9599420484029,83.61459147018222,84.13498128347001,84.53092064737953,84.80192737637691,84.94878633126584,84.99459293608635,84.96377479302109,84.87812295085773,84.754455209626,83.76290065229283,82.84780986924225
Slovakia,SK,SVK,EUE,Europe,Secondary aluminium ingot production,kt,0.0,0.0,No 2019 secondary producer share; assigned zero,0.0,0.0,0.0,0.0,0.0,0.0,0.0,0.0,0.0,0.0,0.0,0.0,0.0,0.0,0.0,0.0,0.0,0.0,0.0,0.0,0.0,0.0,0.0,0.0,0.0,0.0,0.0,0.0,0.0,0.0,0.0,0.0
Croatia,HR,HRV,EUE,Europe,Secondary aluminium ingot production,kt,0.0,0.0,No 2019 secondary producer share; assigned zero,0.0,0.0,0.0,0.0,0.0,0.0,0.0,0.0,0.0,0.0,0.0,0.0,0.0,0.0,0.0,0.0,0.0,0.0,0.0,0.0,0.0,0.0,0.0,0.0,0.0,0.0,0.0,0.0,0.0,0.0,0.0,0.0
Lithuania,LT,LTU,EUE,Europe,Secondary aluminium ingot production,kt,0.0,0.0,No 2019 secondary producer share; assigned zero,0.0,0.0,0.0,0.0,0.0,0.0,0.0,0.0,0.0,0.0,0.0,0.0,0.0,0.0,0.0,0.0,0.0,0.0,0.0,0.0,0.0,0.0,0.0,0.0,0.0,0.0,0.0,0.0,0.0,0.0,0.0,0.0
Slovenia,SI,SVN,EUE,Europe,Secondary aluminium ingot production,kt,10.0,0.004340277777777778,2019 secondary producer share from INF_Data,10.0,16.840401949297725,23.68080389859545,30.52120584789317,37.3616077971909,44.20200974648862,39.98754972007298,39.19480194970573,39.44498008419941,39.73179729965038,40.14092535347164,40.63148519289207,41.20176566361118,41.83588179138369,42.51469582288509,43.21219991218412,43.89573089045179,44.54001369828871,45.12637222327942,45.64545270837712,46.08885669355717,46.4525508167679,46.741656268594454,46.96162258187752,47.11218187576495,47.19377018403658,47.219218297825755,47.20209710723394,47.15451275047652,47.085808449792225,46.53494480682935,46.026561038467925
Estonia,EE,EST,EUE,Europe,Secondary aluminium ingot production,kt,0.0,0.0,No 2019 secondary producer share; assigned zero,0.0,0.0,0.0,0.0,0.0,0.0,0.0,0.0,0.0,0.0,0.0,0.0,0.0,0.0,0.0,0.0,0.0,0.0,0.0,0.0,0.0,0.0,0.0,0.0,0.0,0.0,0.0,0.0,0.0,0.0,0.0,0.0
Latvia,LV,LVA,EUE,Europe,Secondary aluminium ingot production,kt,0.0,0.0,No 2019 secondary producer share; assigned zero,0.0,0.0,0.0,0.0,0.0,0.0,0.0,0.0,0.0,0.0,0.0,0.0,0.0,0.0,0.0,0.0,0.0,0.0,0.0,0.0,0.0,0.0,0.0,0.0,0.0,0.0,0.0,0.0,0.0,0.0,0.0,0.0
Germany,DE,DEU,EUW,Europe,Secondary aluminium ingot production,kt,760.0,0.3298611111111111,2019 secondary producer share from INF_Data,760.0,1279.870548146627,1799.741096293254,2319.611644439881,2839.482192586508,3359.352740733135,3039.053778725546,2978.804948177635,2997.818486399155,3019.616594773429,3050.710326863844,3087.9928746597975,3131.3341904344493,3179.5270161451604,3231.116882539267,3284.1271933259927,3336.0755476743357,3385.041041069942,3429.6042889692353,3469.0544058366613,3502.7531087103443,3530.39386207436,3552.3658764131783,3569.0833162226913,3580.525822558136,3586.7265339867795,3588.6605906347568,3587.359380149779,3583.742969036215,3578.521442184209,3536.6558053190306,3498.018638923562
Netherlands,NL,NLD,EUW,Europe,Secondary aluminium ingot production,kt,0.0,0.0,No 2019 secondary producer share; assigned zero,0.0,0.0,0.0,0.0,0.0,0.0,0.0,0.0,0.0,0.0,0.0,0.0,0.0,0.0,0.0,0.0,0.0,0.0,0.0,0.0,0.0,0.0,0.0,0.0,0.0,0.0,0.0,0.0,0.0,0.0,0.0,0.0
Belgium,BE,BEL,EUW,Europe,Secondary aluminium ingot production,kt,0.0,0.0,No 2019 secondary producer share; assigned zero,0.0,0.0,0.0,0.0,0.0,0.0,0.0,0.0,0.0,0.0,0.0,0.0,0.0,0.0,0.0,0.0,0.0,0.0,0.0,0.0,0.0,0.0,0.0,0.0,0.0,0.0,0.0,0.0,0.0,0.0,0.0,0.0
Sweden,SE,SWE,EUW,Europe,Secondary aluminium ingot production,kt,0.0,0.0,No 2019 secondary producer share; assigned zero,0.0,0.0,0.0,0.0,0.0,0.0,0.0,0.0,0.0,0.0,0.0,0.0,0.0,0.0,0.0,0.0,0.0,0.0,0.0,0.0,0.0,0.0,0.0,0.0,0.0,0.0,0.0,0.0,0.0,0.0,0.0,0.0
Austria,AT,AUT,EUW,Europe,Secondary aluminium ingot production,kt,472.0,0.2048611111111111,2019 secondary producer share from INF_Data,472.0,794.8669720068526,1117.7339440137052,1440.6009160205576,1763.4678880274105,2086.334860034263,1887.4123467874444,1849.99465202611,1861.803059974212,1875.3408325434978,1894.651676683861,1917.8061011045056,1944.7233393224476,1974.6536205533102,2006.6936428401762,2039.6158358550902,2071.8784980293244,2102.288646559227,2129.9647689387884,2154.4653678354002,2175.394035935898,2192.560398551445,2206.206175877658,2216.588585864619,2223.6949845361055,2227.545952686526,2228.747103657375,2227.9389834614417,2225.6930018224916,2222.450158830193,2196.449394882345,2172.4536810156856
Finland,FI,FIN,EUW,Europe,Secondary aluminium ingot production,kt,0.0,0.0,No 2019 secondary producer share; assigned zero,0.0,0.0,0.0,0.0,0.0,0.0,0.0,0.0,0.0,0.0,0.0,0.0,0.0,0.0,0.0,0.0,0.0,0.0,0.0,0.0,0.0,0.0,0.0,0.0,0.0,0.0,0.0,0.0,0.0,0.0,0.0,0.0
Denmark,DK,DNK,EUW,Europe,Secondary aluminium ingot production,kt,0.0,0.0,No 2019 secondary producer share; assigned zero,0.0,0.0,0.0,0.0,0.0,0.0,0.0,0.0,0.0,0.0,0.0,0.0,0.0,0.0,0.0,0.0,0.0,0.0,0.0,0.0,0.0,0.0,0.0,0.0,0.0,0.0,0.0,0.0,0.0,0.0,0.0,0.0
Ireland,IE,IRL,EUW,Europe,Secondary aluminium ingot production,kt,0.0,0.0,No 2019 secondary producer share; assigned zero,0.0,0.0,0.0,0.0,0.0,0.0,0.0,0.0,0.0,0.0,0.0,0.0,0.0,0.0,0.0,0.0,0.0,0.0,0.0,0.0,0.0,0.0,0.0,0.0,0.0,0.0,0.0,0.0,0.0,0.0,0.0,0.0
Luxembourg,LU,LUX,EUW,Europe,Secondary aluminium ingot production,kt,0.0,0.0,No 2019 secondary producer share; assigned zero,0.0,0.0,0.0,0.0,0.0,0.0,0.0,0.0,0.0,0.0,0.0,0.0,0.0,0.0,0.0,0.0,0.0,0.0,0.0,0.0,0.0,0.0,0.0,0.0,0.0,0.0,0.0,0.0,0.0,0.0,0.0,0.0
Greenland,GL,GRL,EUW,Rest of World,Secondary aluminium ingot production,kt,0.0,0.0,No 2019 secondary producer share; assigned zero,0.0,0.0,0.0,0.0,0.0,0.0,0.0,0.0,0.0,0.0,0.0,0.0,0.0,0.0,0.0,0.0,0.0,0.0,0.0,0.0,0.0,0.0,0.0,0.0,0.0,0.0,0.0,0.0,0.0,0.0,0.0,0.0
Faroe Islands,FO,FRO,EUW,Rest of World,Secondary aluminium ingot production,kt,0.0,0.0,No 2019 secondary producer share; assigned zero,0.0,0.0,0.0,0.0,0.0,0.0,0.0,0.0,0.0,0.0,0.0,0.0,0.0,0.0,0.0,0.0,0.0,0.0,0.0,0.0,0.0,0.0,0.0,0.0,0.0,0.0,0.0,0.0,0.0,0.0,0.0,0.0
Andorra,AD,AND,EUW,Rest of World,Secondary aluminium ingot production,kt,0.0,0.0,No 2019 secondary producer share; assigned zero,0.0,0.0,0.0,0.0,0.0,0.0,0.0,0.0,0.0,0.0,0.0,0.0,0.0,0.0,0.0,0.0,0.0,0.0,0.0,0.0,0.0,0.0,0.0,0.0,0.0,0.0,0.0,0.0,0.0,0.0,0.0,0.0
France,FR,FRA,EUM,Europe,Secondary aluminium ingot production,kt,190.0,0.08246527777777778,2019 secondary producer share from INF_Data,190.0,319.96763703665675,449.9352740733135,579.9029111099702,709.870548146627,839.8381851832837,759.7634446813865,744.7012370444088,749.4546215997888,754.9041486933572,762.677581715961,771.9982186649494,782.8335476086123,794.8817540362901,807.7792206348167,821.0317983314982,834.0188869185839,846.2602602674855,857.4010722423088,867.2636014591653,875.6882771775861,882.59846551859,888.0914691032946,892.2708290556728,895.131455639534,896.6816334966949,897.1651476586892,896.8398450374448,895.9357422590538,894.6303605460522,884.1639513297577,874.5046597308905
Monaco,MC,MCO,EUM,Rest of World,Secondary aluminium ingot production,kt,0.0,0.0,No 2019 secondary producer share; assigned zero,0.0,0.0,0.0,0.0,0.0,0.0,0.0,0.0,0.0,0.0,0.0,0.0,0.0,0.0,0.0,0.0,0.0,0.0,0.0,0.0,0.0,0.0,0.0,0.0,0.0,0.0,0.0,0.0,0.0,0.0,0.0,0.0
Italy,IT,ITA,EUM,Europe,Secondary aluminium ingot production,kt,688.0,0.2986111111111111,2019 secondary producer share from INF_Data,688.0,1158.6196541116833,1629.2393082233668,2099.85896233505,2570.4786164467337,3041.098270558417,2751.1434207410207,2696.602374139754,2713.8146297929193,2733.547654215946,2761.6956643188482,2795.4461812709746,2834.681477656449,2878.308667247198,2925.011072614494,2972.999353958267,3020.026285263083,3064.352942442263,3104.6944089616236,3140.4071463363457,3170.9133405167327,3195.9354961936315,3215.8259512792984,3230.9596336331733,3241.3181130526286,3246.9313886617165,3248.6822188904116,3247.5042809776946,3244.2304772327843,3239.5036213457047,3201.6042027098592,3166.627399446593
San Marino,SM,SMR,EUM,Rest of World,Secondary aluminium ingot production,kt,0.0,0.0,No 2019 secondary producer share; assigned zero,0.0,0.0,0.0,0.0,0.0,0.0,0.0,0.0,0.0,0.0,0.0,0.0,0.0,0.0,0.0,0.0,0.0,0.0,0.0,0.0,0.0,0.0,0.0,0.0,0.0,0.0,0.0,0.0,0.0,0.0,0.0,0.0
Spain,ES,ESP,EUM,Europe,Secondary aluminium ingot production,kt,0.0,0.0,No 2019 secondary producer share; assigned zero,0.0,0.0,0.0,0.0,0.0,0.0,0.0,0.0,0.0,0.0,0.0,0.0,0.0,0.0,0.0,0.0,0.0,0.0,0.0,0.0,0.0,0.0,0.0,0.0,0.0,0.0,0.0,0.0,0.0,0.0,0.0,0.0
Greece,GR,GRC,EUM,Europe,Secondary aluminium ingot production,kt,0.0,0.0,No 2019 secondary producer share; assigned zero,0.0,0.0,0.0,0.0,0.0,0.0,0.0,0.0,0.0,0.0,0.0,0.0,0.0,0.0,0.0,0.0,0.0,0.0,0.0,0.0,0.0,0.0,0.0,0.0,0.0,0.0,0.0,0.0,0.0,0.0,0.0,0.0
Portugal,PT,PRT,EUM,Europe,Secondary aluminium ingot production,kt,0.0,0.0,No 2019 secondary producer share; assigned zero,0.0,0.0,0.0,0.0,0.0,0.0,0.0,0.0,0.0,0.0,0.0,0.0,0.0,0.0,0.0,0.0,0.0,0.0,0.0,0.0,0.0,0.0,0.0,0.0,0.0,0.0,0.0,0.0,0.0,0.0,0.0,0.0
Cyprus,CY,CYP,EUM,Europe,Secondary aluminium ingot production,kt,0.0,0.0,No 2019 secondary producer share; assigned zero,0.0,0.0,0.0,0.0,0.0,0.0,0.0,0.0,0.0,0.0,0.0,0.0,0.0,0.0,0.0,0.0,0.0,0.0,0.0,0.0,0.0,0.0,0.0,0.0,0.0,0.0,0.0,0.0,0.0,0.0,0.0,0.0
Malta,MT,MLT,EUM,Europe,Secondary aluminium ingot production,kt,0.0,0.0,No 2019 secondary producer share; assigned zero,0.0,0.0,0.0,0.0,0.0,0.0,0.0,0.0,0.0,0.0,0.0,0.0,0.0,0.0,0.0,0.0,0.0,0.0,0.0,0.0,0.0,0.0,0.0,0.0,0.0,0.0,0.0,0.0,0.0,0.0,0.0,0.0
Iran (Islamic Republic of),IR,IRN,MEA,Middle East,Secondary aluminium ingot production,kt,21.01375649008908,0.058698842328387416,Primary producer share proxy; no explicit 2019 secondary producer map for Middle East,21.01375649008908,24.974066299838476,28.93437610958787,32.89468591933726,36.85499572908666,40.81530553883606,52.35522643352644,59.21337556187158,60.85370279359265,62.28844696853913,63.515120589928344,64.57716439733242,65.54930686980781,66.60947787397045,67.88481481382276,69.40880126744395,71.26012326029787,73.45657529492337,75.97077570865314,78.74489085605474,81.70214728159125,84.75997503663042,87.85015465939043,90.90804284631626,93.87092948724646,96.71214644048437,99.42039835163266,101.9867878668792,104.4221232795314,106.74266027074117,108.95475769389964,111.05771092311961
Saudi Arabia,SA,SAU,MEA,Middle East,Secondary aluminium ingot production,kt,46.11352118658437,0.12881134844285017,Primary producer share proxy; no explicit 2019 secondary producer map for Middle East,46.11352118658437,54.80420104686777,63.494880907151156,72.18556076743455,80.87624062771795,89.56692048800134,114.89063578468301,129.9404630385515,133.54007001927278,136.6885364031831,139.3804035167872,141.71099964970173,143.84431229763382,146.17079866787958,148.96945473033327,152.31375833689088,156.376381598987,161.19637356385962,166.71364669398884,172.80128826745346,179.29082320126972,186.00105633038342,192.78228383588456,199.49264957941625,205.9945397081242,212.22943246661848,218.17254082719387,223.80434004120715,229.14854830786058,234.24083781634866,239.09516271716865,243.70997674795692
United Arab Emirates,AE,ARE,MEA,Middle East,Secondary aluminium ingot production,kt,151.76601909508778,0.42393608348279793,Primary producer share proxy; no explicit 2019 secondary producer map for Middle East,151.76601909508778,180.36825660994452,208.97049412480126,237.572731639658,266.17496915451477,294.7772066693715,378.12107979769087,427.6521568357391,439.49896462039135,449.8610058838936,458.7203153717046,466.3906317585119,473.4116607263897,481.0684513120087,490.279218099831,501.2857869315396,514.6564457688179,530.5197104633354,548.6778245624947,568.7131006270619,590.0710637003812,612.155375264553,634.4733392067085,656.5580872233952,677.9567129634465,698.4766131812759,718.0362103173468,736.5712457052385,754.15977924106,770.9192130664638,786.8954722337195,802.083467778086
Iraq,IQ,IRQ,MEA,Rest of World,Secondary aluminium ingot production,kt,0.0,0.0,No 2019 secondary producer share; assigned zero,0.0,0.0,0.0,0.0,0.0,0.0,0.0,0.0,0.0,0.0,0.0,0.0,0.0,0.0,0.0,0.0,0.0,0.0,0.0,0.0,0.0,0.0,0.0,0.0,0.0,0.0,0.0,0.0,0.0,0.0,0.0,0.0
Qatar,QA,QAT,MEA,Middle East,Secondary aluminium ingot production,kt,36.598959220238484,0.10223381705527476,Primary producer share proxy; no explicit 2019 secondary producer map for Middle East,36.598959220238484,43.496498805552015,50.394038390865546,57.291577976179084,64.18911756149262,71.08665714680615,91.18535270505855,103.12996243692635,105.98686569884056,108.48571180353899,110.62216836079187,112.47189465868733,114.16504279824862,116.0115072971652,118.23271913407466,120.88699554079822,124.1113813450188,127.93686863865823,132.3157676925709,137.14735157429536,142.29790651543811,147.623623188798,153.00568603177166,158.3315079573342,163.49186885695428,168.44032171717697,173.15719379576024,177.62698886814798,181.86853137851722,185.91013330487422,189.76286965020856,193.4255131911
Kuwait,KW,KWT,MEA,Rest of World,Secondary aluminium ingot production,kt,0.0,0.0,No 2019 secondary producer share; assigned zero,0.0,0.0,0.0,0.0,0.0,0.0,0.0,0.0,0.0,0.0,0.0,0.0,0.0,0.0,0.0,0.0,0.0,0.0,0.0,0.0,0.0,0.0,0.0,0.0,0.0,0.0,0.0,0.0,0.0,0.0,0.0,0.0
Oman,OM,OMN,MEA,Middle East,Secondary aluminium ingot production,kt,22.823274410068972,0.06375346486222078,Primary producer share proxy; no explicit 2019 secondary producer map for Middle East,22.823274410068972,27.12461089788012,31.425947385691273,35.72728387350242,40.02862036131357,44.32995684912472,56.863593154191214,64.31230512414385,66.09388275637424,67.65217434638555,68.98447819628328,70.1379757759916,71.19383051693015,72.345294024229,73.73045164501305,75.38567026547385,77.39641165215686,79.78200261198621,82.51270361689826,85.52570090199278,88.73760996417272,92.05875066478471,95.41502908839348,98.73623542474905,101.95425952642601,105.04013682841497,107.98159932080102,110.76898348874936,113.41402833971328,115.93438934961054,118.33697293976321,120.62101380816603
Bahrain,BH,BHR,MEA,Middle East,Secondary aluminium ingot production,kt,79.6771600249211,0.22256644382846894,Primary producer share proxy; no explicit 2019 secondary producer map for Middle East,79.6771600249211,94.69333472022089,109.70950941552067,124.72568411082045,139.74185880612026,154.75803350142004,198.51356689378773,224.51738233876304,230.73695642570547,236.17702808904417,240.82816557014493,244.8550816732188,248.5411218813546,252.5609369388046,257.3965895024113,263.1750381390583,270.1946340286294,278.5228479932511,288.05585789530977,298.5743778292075,309.7873084427002,321.3815720138903,333.098503083522,344.6929957922825,355.9272743058095,366.7002219201699,376.9690104166071,386.6999039952503,395.93388410155654,404.73258685989356,413.12012292270276,421.09382058349513
Yemen,YE,YEM,MEA,Rest of World,Secondary aluminium ingot production,kt,0.0,0.0,No 2019 secondary producer share; assigned zero,0.0,0.0,0.0,0.0,0.0,0.0,0.0,0.0,0.0,0.0,0.0,0.0,0.0,0.0,0.0,0.0,0.0,0.0,0.0,0.0,0.0,0.0,0.0,0.0,0.0,0.0,0.0,0.0,0.0,0.0,0.0,0.0
Turkey,TR,TUR,MDA,Europe,Secondary aluminium ingot production,kt,0.0,0.0,No 2019 secondary producer share; assigned zero,0.0,0.0,0.0,0.0,0.0,0.0,0.0,0.0,0.0,0.0,0.0,0.0,0.0,0.0,0.0,0.0,0.0,0.0,0.0,0.0,0.0,0.0,0.0,0.0,0.0,0.0,0.0,0.0,0.0,0.0,0.0,0.0
Israel,IL,ISR,MDA,Rest of World,Secondary aluminium ingot production,kt,0.0,0.0,No 2019 secondary producer share; assigned zero,0.0,0.0,0.0,0.0,0.0,0.0,0.0,0.0,0.0,0.0,0.0,0.0,0.0,0.0,0.0,0.0,0.0,0.0,0.0,0.0,0.0,0.0,0.0,0.0,0.0,0.0,0.0,0.0,0.0,0.0,0.0,0.0
Syrian Arab Republic,SY,SYR,MDA,Rest of World,Secondary aluminium ingot production,kt,0.0,0.0,No 2019 secondary producer share; assigned zero,0.0,0.0,0.0,0.0,0.0,0.0,0.0,0.0,0.0,0.0,0.0,0.0,0.0,0.0,0.0,0.0,0.0,0.0,0.0,0.0,0.0,0.0,0.0,0.0,0.0,0.0,0.0,0.0,0.0,0.0,0.0,0.0
Jordan,JO,JOR,MDA,Rest of World,Secondary aluminium ingot production,kt,0.0,0.0,No 2019 secondary producer share; assigned zero,0.0,0.0,0.0,0.0,0.0,0.0,0.0,0.0,0.0,0.0,0.0,0.0,0.0,0.0,0.0,0.0,0.0,0.0,0.0,0.0,0.0,0.0,0.0,0.0,0.0,0.0,0.0,0.0,0.0,0.0,0.0,0.0
Lebanon,LB,LBN,MDA,Rest of World,Secondary aluminium ingot production,kt,0.0,0.0,No 2019 secondary producer share; assigned zero,0.0,0.0,0.0,0.0,0.0,0.0,0.0,0.0,0.0,0.0,0.0,0.0,0.0,0.0,0.0,0.0,0.0,0.0,0.0,0.0,0.0,0.0,0.0,0.0,0.0,0.0,0.0,0.0,0.0,0.0,0.0,0.0
State of Palestine,PS,PSE,MDA,Rest of World,Secondary aluminium ingot production,kt,0.0,0.0,No 2019 secondary producer share; assigned zero,0.0,0.0,0.0,0.0,0.0,0.0,0.0,0.0,0.0,0.0,0.0,0.0,0.0,0.0,0.0,0.0,0.0,0.0,0.0,0.0,0.0,0.0,0.0,0.0,0.0,0.0,0.0,0.0,0.0,0.0,0.0,0.0
