Country,ISO2,ISO3,OMNIARegion,ZijieRegion,Metric,Unit,PrimaryProduction2019_kt,RegionShare,AllocationMethod,2019,2020,2021,2022,2023,2024,2025,2026,2027,2028,2029,2030,2031,2032,2033,2034,2035,2036,2037,2038,2039,2040,2041,2042,2043,2044,2045,2046,2047,2048,2049,2050
Ethiopia,ET,ETH,AFE,Rest of World,Primary aluminium ingot production,kt,0.0,0.0,No 2019 primary producer share; assigned zero,0.0,0.0,0.0,0.0,0.0,0.0,0.0,0.0,0.0,0.0,0.0,0.0,0.0,0.0,0.0,0.0,0.0,0.0,0.0,0.0,0.0,0.0,0.0,0.0,0.0,0.0,0.0,0.0,0.0,0.0,0.0,0.0
Kenya,KE,KEN,AFE,Rest of World,Primary aluminium ingot production,kt,0.0,0.0,No 2019 primary producer share; assigned zero,0.0,0.0,0.0,0.0,0.0,0.0,0.0,0.0,0.0,0.0,0.0,0.0,0.0,0.0,0.0,0.0,0.0,0.0,0.0,0.0,0.0,0.0,0.0,0.0,0.0,0.0,0.0,0.0,0.0,0.0,0.0,0.0
Sudan,SD,SDN,AFE,Rest of World,Primary aluminium ingot production,kt,0.0,0.0,No 2019 primary producer share; assigned zero,0.0,0.0,0.0,0.0,0.0,0.0,0.0,0.0,0.0,0.0,0.0,0.0,0.0,0.0,0.0,0.0,0.0,0.0,0.0,0.0,0.0,0.0,0.0,0.0,0.0,0.0,0.0,0.0,0.0,0.0,0.0,0.0
Mauritius,MU,MUS,AFE,Rest of World,Primary aluminium ingot production,kt,0.0,0.0,No 2019 primary producer share; assigned zero,0.0,0.0,0.0,0.0,0.0,0.0,0.0,0.0,0.0,0.0,0.0,0.0,0.0,0.0,0.0,0.0,0.0,0.0,0.0,0.0,0.0,0.0,0.0,0.0,0.0,0.0,0.0,0.0,0.0,0.0,0.0,0.0
Eritrea,ER,ERI,AFE,Rest of World,Primary aluminium ingot production,kt,0.0,0.0,No 2019 primary producer share; assigned zero,0.0,0.0,0.0,0.0,0.0,0.0,0.0,0.0,0.0,0.0,0.0,0.0,0.0,0.0,0.0,0.0,0.0,0.0,0.0,0.0,0.0,0.0,0.0,0.0,0.0,0.0,0.0,0.0,0.0,0.0,0.0,0.0
South Sudan,SS,SSD,AFE,Rest of World,Primary aluminium ingot production,kt,0.0,0.0,No 2019 primary producer share; assigned zero,0.0,0.0,0.0,0.0,0.0,0.0,0.0,0.0,0.0,0.0,0.0,0.0,0.0,0.0,0.0,0.0,0.0,0.0,0.0,0.0,0.0,0.0,0.0,0.0,0.0,0.0,0.0,0.0,0.0,0.0,0.0,0.0
Burundi,BI,BDI,AFE,Rest of World,Primary aluminium ingot production,kt,0.0,0.0,No 2019 primary producer share; assigned zero,0.0,0.0,0.0,0.0,0.0,0.0,0.0,0.0,0.0,0.0,0.0,0.0,0.0,0.0,0.0,0.0,0.0,0.0,0.0,0.0,0.0,0.0,0.0,0.0,0.0,0.0,0.0,0.0,0.0,0.0,0.0,0.0
Comoros,KM,COM,AFE,Rest of World,Primary aluminium ingot production,kt,0.0,0.0,No 2019 primary producer share; assigned zero,0.0,0.0,0.0,0.0,0.0,0.0,0.0,0.0,0.0,0.0,0.0,0.0,0.0,0.0,0.0,0.0,0.0,0.0,0.0,0.0,0.0,0.0,0.0,0.0,0.0,0.0,0.0,0.0,0.0,0.0,0.0,0.0
Djibouti,DJ,DJI,AFE,Rest of World,Primary aluminium ingot production,kt,0.0,0.0,No 2019 primary producer share; assigned zero,0.0,0.0,0.0,0.0,0.0,0.0,0.0,0.0,0.0,0.0,0.0,0.0,0.0,0.0,0.0,0.0,0.0,0.0,0.0,0.0,0.0,0.0,0.0,0.0,0.0,0.0,0.0,0.0,0.0,0.0,0.0,0.0
Madagascar,MG,MDG,AFE,Rest of World,Primary aluminium ingot production,kt,0.0,0.0,No 2019 primary producer share; assigned zero,0.0,0.0,0.0,0.0,0.0,0.0,0.0,0.0,0.0,0.0,0.0,0.0,0.0,0.0,0.0,0.0,0.0,0.0,0.0,0.0,0.0,0.0,0.0,0.0,0.0,0.0,0.0,0.0,0.0,0.0,0.0,0.0
Reunion,RE,REU,AFE,Rest of World,Primary aluminium ingot production,kt,0.0,0.0,No 2019 primary producer share; assigned zero,0.0,0.0,0.0,0.0,0.0,0.0,0.0,0.0,0.0,0.0,0.0,0.0,0.0,0.0,0.0,0.0,0.0,0.0,0.0,0.0,0.0,0.0,0.0,0.0,0.0,0.0,0.0,0.0,0.0,0.0,0.0,0.0
Rwanda,RW,RWA,AFE,Rest of World,Primary aluminium ingot production,kt,0.0,0.0,No 2019 primary producer share; assigned zero,0.0,0.0,0.0,0.0,0.0,0.0,0.0,0.0,0.0,0.0,0.0,0.0,0.0,0.0,0.0,0.0,0.0,0.0,0.0,0.0,0.0,0.0,0.0,0.0,0.0,0.0,0.0,0.0,0.0,0.0,0.0,0.0
Somalia,SO,SOM,AFE,Rest of World,Primary aluminium ingot production,kt,0.0,0.0,No 2019 primary producer share; assigned zero,0.0,0.0,0.0,0.0,0.0,0.0,0.0,0.0,0.0,0.0,0.0,0.0,0.0,0.0,0.0,0.0,0.0,0.0,0.0,0.0,0.0,0.0,0.0,0.0,0.0,0.0,0.0,0.0,0.0,0.0,0.0,0.0
Uganda,UG,UGA,AFE,Rest of World,Primary aluminium ingot production,kt,0.0,0.0,No 2019 primary producer share; assigned zero,0.0,0.0,0.0,0.0,0.0,0.0,0.0,0.0,0.0,0.0,0.0,0.0,0.0,0.0,0.0,0.0,0.0,0.0,0.0,0.0,0.0,0.0,0.0,0.0,0.0,0.0,0.0,0.0,0.0,0.0,0.0,0.0
Seychelles,SC,SYC,AFE,Rest of World,Primary aluminium ingot production,kt,0.0,0.0,No 2019 primary producer share; assigned zero,0.0,0.0,0.0,0.0,0.0,0.0,0.0,0.0,0.0,0.0,0.0,0.0,0.0,0.0,0.0,0.0,0.0,0.0,0.0,0.0,0.0,0.0,0.0,0.0,0.0,0.0,0.0,0.0,0.0,0.0,0.0,0.0
United Republic of Tanzania,TZ,TZA,AFE,Other main producer,Primary aluminium ingot production,kt,0.0,0.0,No 2019 primary producer share; assigned zero,0.0,0.0,0.0,0.0,0.0,0.0,0.0,0.0,0.0,0.0,0.0,0.0,0.0,0.0,0.0,0.0,0.0,0.0,0.0,0.0,0.0,0.0,0.0,0.0,0.0,0.0,0.0,0.0,0.0,0.0,0.0,0.0
Egypt,EG,EGY,AFN,Other main producer,Primary aluminium ingot production,kt,300.0,0.043134435657800146,2019 primary producer share from INF_Data,300.0,304.89980271844064,309.79960543688134,314.699408155322,319.5992108737627,324.4990135922033,481.1161294988743,459.7033094291651,453.03702657944365,444.80988073146284,438.07974166821424,432.6202896582816,428.5939141013791,426.3520087805346,425.46261983168284,425.79441204078296,427.2139619166542,429.23609388725185,431.53170250897136,434.2784918030933,437.51349487968764,441.21259758498525,445.39176041982915,449.59357262327615,453.80059318577133,458.29565234583447,463.06575091542567,468.04868408969804,472.8093700490324,477.1857433256359,481.33821912939,485.89223005561996
Algeria,DZ,DZA,AFN,Rest of World,Primary aluminium ingot production,kt,0.0,0.0,No 2019 primary producer share; assigned zero,0.0,0.0,0.0,0.0,0.0,0.0,0.0,0.0,0.0,0.0,0.0,0.0,0.0,0.0,0.0,0.0,0.0,0.0,0.0,0.0,0.0,0.0,0.0,0.0,0.0,0.0,0.0,0.0,0.0,0.0,0.0,0.0
Morocco,MA,MAR,AFN,Rest of World,Primary aluminium ingot production,kt,0.0,0.0,No 2019 primary producer share; assigned zero,0.0,0.0,0.0,0.0,0.0,0.0,0.0,0.0,0.0,0.0,0.0,0.0,0.0,0.0,0.0,0.0,0.0,0.0,0.0,0.0,0.0,0.0,0.0,0.0,0.0,0.0,0.0,0.0,0.0,0.0,0.0,0.0
Libya,LY,LBY,AFN,Rest of World,Primary aluminium ingot production,kt,0.0,0.0,No 2019 primary producer share; assigned zero,0.0,0.0,0.0,0.0,0.0,0.0,0.0,0.0,0.0,0.0,0.0,0.0,0.0,0.0,0.0,0.0,0.0,0.0,0.0,0.0,0.0,0.0,0.0,0.0,0.0,0.0,0.0,0.0,0.0,0.0,0.0,0.0
Tunisia,TN,TUN,AFN,Rest of World,Primary aluminium ingot production,kt,0.0,0.0,No 2019 primary producer share; assigned zero,0.0,0.0,0.0,0.0,0.0,0.0,0.0,0.0,0.0,0.0,0.0,0.0,0.0,0.0,0.0,0.0,0.0,0.0,0.0,0.0,0.0,0.0,0.0,0.0,0.0,0.0,0.0,0.0,0.0,0.0,0.0,0.0
Democratic Republic of the Congo,CD,COD,AFW,Rest of World,Primary aluminium ingot production,kt,0.0,0.0,No 2019 primary producer share; assigned zero,0.0,0.0,0.0,0.0,0.0,0.0,0.0,0.0,0.0,0.0,0.0,0.0,0.0,0.0,0.0,0.0,0.0,0.0,0.0,0.0,0.0,0.0,0.0,0.0,0.0,0.0,0.0,0.0,0.0,0.0,0.0,0.0
Cote d'Ivoire,CI,CIV,AFW,Rest of World,Primary aluminium ingot production,kt,0.0,0.0,No 2019 primary producer share; assigned zero,0.0,0.0,0.0,0.0,0.0,0.0,0.0,0.0,0.0,0.0,0.0,0.0,0.0,0.0,0.0,0.0,0.0,0.0,0.0,0.0,0.0,0.0,0.0,0.0,0.0,0.0,0.0,0.0,0.0,0.0,0.0,0.0
Ghana,GH,GHA,AFW,Rest of World,Primary aluminium ingot production,kt,42.0,0.05511811023622047,2019 primary producer share from INF_Data,42.0,38.19135074730847,34.38270149461694,30.574052241925408,26.765402989233873,22.956753736542343,31.759543123395634,34.0402552753973,36.35315497768054,38.70166089576327,41.137211831289896,43.658426747317016,46.26763284743478,48.96175367721063,51.727561131633045,54.53554496507964,57.345703968736785,60.13296802272378,62.876428475898734,65.58051562088096,68.29248551088844,71.0424174771317,73.81629285098033,76.63800661122002,79.54159049856136,82.48794909563341,85.42934157220594,88.36437296175782,91.26245053677036,94.11002704390418,96.9095844977954,99.59600801756983
Cameroon,CM,CMR,AFW,Other main producer,Primary aluminium ingot production,kt,70.0,0.010064701653486701,2019 primary producer share from INF_Data,70.0,71.14328730096949,72.28657460193898,73.42986190290847,74.57314920387796,75.71643650484745,112.260430216404,107.26410553347185,105.70863953520352,103.78897217067465,102.21860638924998,100.94473425359904,100.00524662365513,99.48213538212475,99.27461129405934,99.3520294761827,99.68325778055267,100.15508857369211,100.69073058542665,101.33164808738843,102.0864821385938,102.94960610316323,103.92474409796014,104.9051669454311,105.88680507667999,106.93565221402805,108.04867521359932,109.21135962092956,110.32218634477422,111.34334010931505,112.312251130191,113.37485367964466
Gabon,GA,GAB,AFW,Rest of World,Primary aluminium ingot production,kt,0.0,0.0,No 2019 primary producer share; assigned zero,0.0,0.0,0.0,0.0,0.0,0.0,0.0,0.0,0.0,0.0,0.0,0.0,0.0,0.0,0.0,0.0,0.0,0.0,0.0,0.0,0.0,0.0,0.0,0.0,0.0,0.0,0.0,0.0,0.0,0.0,0.0,0.0
Benin,BJ,BEN,AFW,Rest of World,Primary aluminium ingot production,kt,0.0,0.0,No 2019 primary producer share; assigned zero,0.0,0.0,0.0,0.0,0.0,0.0,0.0,0.0,0.0,0.0,0.0,0.0,0.0,0.0,0.0,0.0,0.0,0.0,0.0,0.0,0.0,0.0,0.0,0.0,0.0,0.0,0.0,0.0,0.0,0.0,0.0,0.0
Senegal,SN,SEN,AFW,Rest of World,Primary aluminium ingot production,kt,0.0,0.0,No 2019 primary producer share; assigned zero,0.0,0.0,0.0,0.0,0.0,0.0,0.0,0.0,0.0,0.0,0.0,0.0,0.0,0.0,0.0,0.0,0.0,0.0,0.0,0.0,0.0,0.0,0.0,0.0,0.0,0.0,0.0,0.0,0.0,0.0,0.0,0.0
Togo,TG,TGO,AFW,Rest of World,Primary aluminium ingot production,kt,0.0,0.0,No 2019 primary producer share; assigned zero,0.0,0.0,0.0,0.0,0.0,0.0,0.0,0.0,0.0,0.0,0.0,0.0,0.0,0.0,0.0,0.0,0.0,0.0,0.0,0.0,0.0,0.0,0.0,0.0,0.0,0.0,0.0,0.0,0.0,0.0,0.0,0.0
Niger,NE,NER,AFW,Rest of World,Primary aluminium ingot production,kt,0.0,0.0,No 2019 primary producer share; assigned zero,0.0,0.0,0.0,0.0,0.0,0.0,0.0,0.0,0.0,0.0,0.0,0.0,0.0,0.0,0.0,0.0,0.0,0.0,0.0,0.0,0.0,0.0,0.0,0.0,0.0,0.0,0.0,0.0,0.0,0.0,0.0,0.0
Congo,CG,COG,AFW,Rest of World,Primary aluminium ingot production,kt,0.0,0.0,No 2019 primary producer share; assigned zero,0.0,0.0,0.0,0.0,0.0,0.0,0.0,0.0,0.0,0.0,0.0,0.0,0.0,0.0,0.0,0.0,0.0,0.0,0.0,0.0,0.0,0.0,0.0,0.0,0.0,0.0,0.0,0.0,0.0,0.0,0.0,0.0
Burkina Faso,BF,BFA,AFW,Rest of World,Primary aluminium ingot production,kt,0.0,0.0,No 2019 primary producer share; assigned zero,0.0,0.0,0.0,0.0,0.0,0.0,0.0,0.0,0.0,0.0,0.0,0.0,0.0,0.0,0.0,0.0,0.0,0.0,0.0,0.0,0.0,0.0,0.0,0.0,0.0,0.0,0.0,0.0,0.0,0.0,0.0,0.0
Cabo Verde,CV,CPV,AFW,Rest of World,Primary aluminium ingot production,kt,0.0,0.0,No 2019 primary producer share; assigned zero,0.0,0.0,0.0,0.0,0.0,0.0,0.0,0.0,0.0,0.0,0.0,0.0,0.0,0.0,0.0,0.0,0.0,0.0,0.0,0.0,0.0,0.0,0.0,0.0,0.0,0.0,0.0,0.0,0.0,0.0,0.0,0.0
Central African Republic,CF,CAF,AFW,Rest of World,Primary aluminium ingot production,kt,0.0,0.0,No 2019 primary producer share; assigned zero,0.0,0.0,0.0,0.0,0.0,0.0,0.0,0.0,0.0,0.0,0.0,0.0,0.0,0.0,0.0,0.0,0.0,0.0,0.0,0.0,0.0,0.0,0.0,0.0,0.0,0.0,0.0,0.0,0.0,0.0,0.0,0.0
Chad,TD,TCD,AFW,Rest of World,Primary aluminium ingot production,kt,0.0,0.0,No 2019 primary producer share; assigned zero,0.0,0.0,0.0,0.0,0.0,0.0,0.0,0.0,0.0,0.0,0.0,0.0,0.0,0.0,0.0,0.0,0.0,0.0,0.0,0.0,0.0,0.0,0.0,0.0,0.0,0.0,0.0,0.0,0.0,0.0,0.0,0.0
Equatorial Guinea,GQ,GNQ,AFW,Rest of World,Primary aluminium ingot production,kt,0.0,0.0,No 2019 primary producer share; assigned zero,0.0,0.0,0.0,0.0,0.0,0.0,0.0,0.0,0.0,0.0,0.0,0.0,0.0,0.0,0.0,0.0,0.0,0.0,0.0,0.0,0.0,0.0,0.0,0.0,0.0,0.0,0.0,0.0,0.0,0.0,0.0,0.0
Gambia,GM,GMB,AFW,Rest of World,Primary aluminium ingot production,kt,0.0,0.0,No 2019 primary producer share; assigned zero,0.0,0.0,0.0,0.0,0.0,0.0,0.0,0.0,0.0,0.0,0.0,0.0,0.0,0.0,0.0,0.0,0.0,0.0,0.0,0.0,0.0,0.0,0.0,0.0,0.0,0.0,0.0,0.0,0.0,0.0,0.0,0.0
Guinea,GN,GIN,AFW,Other main producer,Primary aluminium ingot production,kt,0.0,0.0,No 2019 primary producer share; assigned zero,0.0,0.0,0.0,0.0,0.0,0.0,0.0,0.0,0.0,0.0,0.0,0.0,0.0,0.0,0.0,0.0,0.0,0.0,0.0,0.0,0.0,0.0,0.0,0.0,0.0,0.0,0.0,0.0,0.0,0.0,0.0,0.0
Guinea-Bissau,GW,GNB,AFW,Rest of World,Primary aluminium ingot production,kt,0.0,0.0,No 2019 primary producer share; assigned zero,0.0,0.0,0.0,0.0,0.0,0.0,0.0,0.0,0.0,0.0,0.0,0.0,0.0,0.0,0.0,0.0,0.0,0.0,0.0,0.0,0.0,0.0,0.0,0.0,0.0,0.0,0.0,0.0,0.0,0.0,0.0,0.0
Liberia,LR,LBR,AFW,Rest of World,Primary aluminium ingot production,kt,0.0,0.0,No 2019 primary producer share; assigned zero,0.0,0.0,0.0,0.0,0.0,0.0,0.0,0.0,0.0,0.0,0.0,0.0,0.0,0.0,0.0,0.0,0.0,0.0,0.0,0.0,0.0,0.0,0.0,0.0,0.0,0.0,0.0,0.0,0.0,0.0,0.0,0.0
Malawi,MW,MWI,AFW,Rest of World,Primary aluminium ingot production,kt,0.0,0.0,No 2019 primary producer share; assigned zero,0.0,0.0,0.0,0.0,0.0,0.0,0.0,0.0,0.0,0.0,0.0,0.0,0.0,0.0,0.0,0.0,0.0,0.0,0.0,0.0,0.0,0.0,0.0,0.0,0.0,0.0,0.0,0.0,0.0,0.0,0.0,0.0
Mali,ML,MLI,AFW,Rest of World,Primary aluminium ingot production,kt,0.0,0.0,No 2019 primary producer share; assigned zero,0.0,0.0,0.0,0.0,0.0,0.0,0.0,0.0,0.0,0.0,0.0,0.0,0.0,0.0,0.0,0.0,0.0,0.0,0.0,0.0,0.0,0.0,0.0,0.0,0.0,0.0,0.0,0.0,0.0,0.0,0.0,0.0
Mauritania,MR,MRT,AFW,Rest of World,Primary aluminium ingot production,kt,0.0,0.0,No 2019 primary producer share; assigned zero,0.0,0.0,0.0,0.0,0.0,0.0,0.0,0.0,0.0,0.0,0.0,0.0,0.0,0.0,0.0,0.0,0.0,0.0,0.0,0.0,0.0,0.0,0.0,0.0,0.0,0.0,0.0,0.0,0.0,0.0,0.0,0.0
Sao Tome and Principe,ST,STP,AFW,Rest of World,Primary aluminium ingot production,kt,0.0,0.0,No 2019 primary producer share; assigned zero,0.0,0.0,0.0,0.0,0.0,0.0,0.0,0.0,0.0,0.0,0.0,0.0,0.0,0.0,0.0,0.0,0.0,0.0,0.0,0.0,0.0,0.0,0.0,0.0,0.0,0.0,0.0,0.0,0.0,0.0,0.0,0.0
Sierra Leone,SL,SLE,AFW,Other main producer,Primary aluminium ingot production,kt,0.0,0.0,No 2019 primary producer share; assigned zero,0.0,0.0,0.0,0.0,0.0,0.0,0.0,0.0,0.0,0.0,0.0,0.0,0.0,0.0,0.0,0.0,0.0,0.0,0.0,0.0,0.0,0.0,0.0,0.0,0.0,0.0,0.0,0.0,0.0,0.0,0.0,0.0
Angola,AO,AGO,AFZ,Rest of World,Primary aluminium ingot production,kt,0.0,0.0,No 2019 primary producer share; assigned zero,0.0,0.0,0.0,0.0,0.0,0.0,0.0,0.0,0.0,0.0,0.0,0.0,0.0,0.0,0.0,0.0,0.0,0.0,0.0,0.0,0.0,0.0,0.0,0.0,0.0,0.0,0.0,0.0,0.0,0.0,0.0,0.0
Mozambique,MZ,MOZ,AFZ,Rest of World,Primary aluminium ingot production,kt,565.0,0.7414698162729659,2019 primary producer share from INF_Data,565.0,513.7645993387926,462.529198677585,411.2937980163775,360.05839735517,308.82299669396247,427.24147296948894,457.92248168093994,489.03648958070255,520.6294858596725,553.3934448733046,587.3097883865265,622.409822828587,658.6521625624764,695.8588580803017,733.6329263159523,771.4362557699116,808.9315936390223,845.8376687829235,882.2140791856607,918.696531277428,955.6896636804622,993.0048919239022,1030.9636603652218,1070.0237769449327,1109.6593152150685,1149.2280473403896,1188.7112076998376,1227.6972512684586,1266.0039352334732,1303.6646486012953,1339.8034411887372
Zimbabwe,ZW,ZWE,AFZ,Other main producer,Primary aluminium ingot production,kt,0.0,0.0,No 2019 primary producer share; assigned zero,0.0,0.0,0.0,0.0,0.0,0.0,0.0,0.0,0.0,0.0,0.0,0.0,0.0,0.0,0.0,0.0,0.0,0.0,0.0,0.0,0.0,0.0,0.0,0.0,0.0,0.0,0.0,0.0,0.0,0.0,0.0,0.0
Zambia,ZM,ZMB,AFZ,Rest of World,Primary aluminium ingot production,kt,0.0,0.0,No 2019 primary producer share; assigned zero,0.0,0.0,0.0,0.0,0.0,0.0,0.0,0.0,0.0,0.0,0.0,0.0,0.0,0.0,0.0,0.0,0.0,0.0,0.0,0.0,0.0,0.0,0.0,0.0,0.0,0.0,0.0,0.0,0.0,0.0,0.0,0.0
Botswana,BW,BWA,AFZ,Rest of World,Primary aluminium ingot production,kt,0.0,0.0,No 2019 primary producer share; assigned zero,0.0,0.0,0.0,0.0,0.0,0.0,0.0,0.0,0.0,0.0,0.0,0.0,0.0,0.0,0.0,0.0,0.0,0.0,0.0,0.0,0.0,0.0,0.0,0.0,0.0,0.0,0.0,0.0,0.0,0.0,0.0,0.0
Namibia,,NAM,AFZ,Rest of World,Primary aluminium ingot production,kt,0.0,0.0,No 2019 primary producer share; assigned zero,0.0,0.0,0.0,0.0,0.0,0.0,0.0,0.0,0.0,0.0,0.0,0.0,0.0,0.0,0.0,0.0,0.0,0.0,0.0,0.0,0.0,0.0,0.0,0.0,0.0,0.0,0.0,0.0,0.0,0.0,0.0,0.0
South Africa,ZA,ZAF,AFZ,Other main producer,Primary aluminium ingot production,kt,717.0,0.10309130122214234,2019 primary producer share from INF_Data,717.0,728.7105284970731,740.4210569941464,752.1315854912195,763.8421139882928,775.5526424853659,1149.8675495023094,1098.6909095357043,1082.7584935248703,1063.095614948196,1047.0105825870319,1033.962492283293,1024.3394547022958,1018.9813009854777,1016.855661397722,1017.6486447774712,1021.0413689808036,1025.8742643905318,1031.3607689964415,1037.9255954093928,1045.6572527624535,1054.4981082281147,1064.4863074033917,1074.52863856963,1084.5834177139934,1095.3266091065443,1106.7271446878672,1118.6363549743783,1130.0143944171873,1140.4739265482697,1150.3983437192421,1161.2824298329315
Eswatini,SZ,SWZ,AFZ,Rest of World,Primary aluminium ingot production,kt,0.0,0.0,No 2019 primary producer share; assigned zero,0.0,0.0,0.0,0.0,0.0,0.0,0.0,0.0,0.0,0.0,0.0,0.0,0.0,0.0,0.0,0.0,0.0,0.0,0.0,0.0,0.0,0.0,0.0,0.0,0.0,0.0,0.0,0.0,0.0,0.0,0.0,0.0
Lesotho,LS,LSO,AFZ,Rest of World,Primary aluminium ingot production,kt,0.0,0.0,No 2019 primary producer share; assigned zero,0.0,0.0,0.0,0.0,0.0,0.0,0.0,0.0,0.0,0.0,0.0,0.0,0.0,0.0,0.0,0.0,0.0,0.0,0.0,0.0,0.0,0.0,0.0,0.0,0.0,0.0,0.0,0.0,0.0,0.0,0.0,0.0
Nigeria,NG,NGA,NIG,Rest of World,Primary aluminium ingot production,kt,0.0,0.0,No 2019 primary producer share; assigned zero,0.0,0.0,0.0,0.0,0.0,0.0,0.0,0.0,0.0,0.0,0.0,0.0,0.0,0.0,0.0,0.0,0.0,0.0,0.0,0.0,0.0,0.0,0.0,0.0,0.0,0.0,0.0,0.0,0.0,0.0,0.0,0.0
Russian Federation,RU,RUS,RUS,Other main producer,Primary aluminium ingot production,kt,3637.0,0.5229331416247304,2019 primary producer share from INF_Data,3637.0,3696.401941623229,3755.8038832464576,3815.2058248696867,3874.6077664929153,3934.0097081161443,5832.731209958019,5573.136454646244,5492.318885564788,5392.578454067767,5310.986734824317,5244.799978290566,5195.986885289051,5168.807519782681,5158.025161092768,5162.047588641091,5179.257264969571,5203.772244893116,5231.6026734170955,5264.902915626167,5304.12193625808,5348.967391388637,5399.632775489728,5450.572745436183,5501.5758580555,5556.070958605999,5613.900453598009,5674.310213447438,5732.025596227768,5785.081828251125,5835.423676578637,5890.633469040965
Kazakhstan,KZ,KAZ,ASC,Other main producer,Primary aluminium ingot production,kt,260.0,0.037383177570093455,2019 primary producer share from INF_Data,260.0,264.2464956893152,268.49299137863045,272.73948706794573,276.98598275726096,281.2324784465762,416.96731223235764,398.40953483860966,392.63208970218443,385.5018966339344,379.66910944578564,374.93758437051065,371.4480588878618,369.5050742764633,368.73427052079177,369.0218237686785,370.252100327767,372.0046147022849,373.9941421744418,376.37469289601415,379.1783622290626,382.3842512403205,386.0061923638519,389.6477629401726,393.2938474276685,397.18956536638984,401.3236507933688,405.64219287773824,409.76812070916134,413.5609775488844,417.15978991213797,421.10659938153725
Uzbekistan,UZ,UZB,ASC,Rest of World,Primary aluminium ingot production,kt,0.0,0.0,No 2019 primary producer share; assigned zero,0.0,0.0,0.0,0.0,0.0,0.0,0.0,0.0,0.0,0.0,0.0,0.0,0.0,0.0,0.0,0.0,0.0,0.0,0.0,0.0,0.0,0.0,0.0,0.0,0.0,0.0,0.0,0.0,0.0,0.0,0.0,0.0
Turkmenistan,TM,TKM,ASC,Rest of World,Primary aluminium ingot production,kt,0.0,0.0,No 2019 primary producer share; assigned zero,0.0,0.0,0.0,0.0,0.0,0.0,0.0,0.0,0.0,0.0,0.0,0.0,0.0,0.0,0.0,0.0,0.0,0.0,0.0,0.0,0.0,0.0,0.0,0.0,0.0,0.0,0.0,0.0,0.0,0.0,0.0,0.0
Azerbaijan,AZ,AZE,ASC,Other main producer,Primary aluminium ingot production,kt,50.0,0.007189072609633357,2019 primary producer share from INF_Data,50.0,50.816633786406776,51.63326757281355,52.449901359220334,53.26653514562711,54.083168932033885,80.18602158314572,76.61721823819417,75.50617109657394,74.13498012191046,73.0132902780357,72.1033816097136,71.43231901689651,71.0586681300891,70.9104366386138,70.96573534013048,71.20232698610903,71.53934898120863,71.92195041816188,72.37974863384888,72.91891581328127,73.53543293083086,74.23196006997152,74.93226210387935,75.63343219762855,76.38260872430574,77.17762515257094,78.00811401494967,78.80156167483872,79.53095722093931,80.22303652156499,80.98203834260332
Mongolia,MN,MNG,ASC,Rest of World,Primary aluminium ingot production,kt,0.0,0.0,No 2019 primary producer share; assigned zero,0.0,0.0,0.0,0.0,0.0,0.0,0.0,0.0,0.0,0.0,0.0,0.0,0.0,0.0,0.0,0.0,0.0,0.0,0.0,0.0,0.0,0.0,0.0,0.0,0.0,0.0,0.0,0.0,0.0,0.0,0.0,0.0
Georgia,GE,GEO,ASC,Rest of World,Primary aluminium ingot production,kt,0.0,0.0,No 2019 primary producer share; assigned zero,0.0,0.0,0.0,0.0,0.0,0.0,0.0,0.0,0.0,0.0,0.0,0.0,0.0,0.0,0.0,0.0,0.0,0.0,0.0,0.0,0.0,0.0,0.0,0.0,0.0,0.0,0.0,0.0,0.0,0.0,0.0,0.0
Kyrgyzstan,KG,KGZ,ASC,Rest of World,Primary aluminium ingot production,kt,0.0,0.0,No 2019 primary producer share; assigned zero,0.0,0.0,0.0,0.0,0.0,0.0,0.0,0.0,0.0,0.0,0.0,0.0,0.0,0.0,0.0,0.0,0.0,0.0,0.0,0.0,0.0,0.0,0.0,0.0,0.0,0.0,0.0,0.0,0.0,0.0,0.0,0.0
Armenia,AM,ARM,ASC,Rest of World,Primary aluminium ingot production,kt,0.0,0.0,No 2019 primary producer share; assigned zero,0.0,0.0,0.0,0.0,0.0,0.0,0.0,0.0,0.0,0.0,0.0,0.0,0.0,0.0,0.0,0.0,0.0,0.0,0.0,0.0,0.0,0.0,0.0,0.0,0.0,0.0,0.0,0.0,0.0,0.0,0.0,0.0
Tajikistan,TJ,TJK,ASC,Rest of World,Primary aluminium ingot production,kt,100.0,0.13123359580052493,2019 primary producer share from INF_Data,100.0,90.93178749359159,81.86357498718318,72.79536248077477,63.72714997436636,54.658937467957955,75.61795981760865,81.04822684618405,86.55513089923939,92.1468116565792,97.94574245545213,103.94863511265956,110.16103058913043,116.57560399335865,123.16085983722154,129.846535631142,136.53739040175424,143.17373338743755,149.70578208547317,156.14408481162135,162.60115597830583,169.14861304078977,175.75307821661983,182.47144431242862,189.38473928228896,196.39987879912718,203.40319421953797,210.3913641946615,217.2915488970723,224.07149296167663,230.7371059471319,237.13335242278532
Afghanistan,AF,AFG,ASC,Rest of World,Primary aluminium ingot production,kt,0.0,0.0,No 2019 primary producer share; assigned zero,0.0,0.0,0.0,0.0,0.0,0.0,0.0,0.0,0.0,0.0,0.0,0.0,0.0,0.0,0.0,0.0,0.0,0.0,0.0,0.0,0.0,0.0,0.0,0.0,0.0,0.0,0.0,0.0,0.0,0.0,0.0,0.0
Thailand,TH,THA,ASE,Other Asia,Primary aluminium ingot production,kt,0.0,0.0,No 2019 primary producer share; assigned zero,0.0,0.0,0.0,0.0,0.0,0.0,0.0,0.0,0.0,0.0,0.0,0.0,0.0,0.0,0.0,0.0,0.0,0.0,0.0,0.0,0.0,0.0,0.0,0.0,0.0,0.0,0.0,0.0,0.0,0.0,0.0,0.0
Malaysia,MY,MYS,ASE,Other Asia,Primary aluminium ingot production,kt,760.0,0.16379310344827586,2019 primary producer share from INF_Data,760.0,782.8780509368515,805.756101873703,828.6341528105545,851.5122037474059,874.3902546842575,934.1036030969091,989.4657228245877,1039.0964077771766,1089.6007744038766,1140.0230738053988,1190.69217367494,1240.6983762414554,1289.1137711593265,1335.8814024166682,1380.6907711325384,1423.1898686679865,1463.2401788195834,1500.1361281936136,1533.8546251652563,1564.5594863543317,1591.398622645145,1614.8882458462494,1634.3985901269928,1649.0206380312472,1659.4690085889963,1665.7469957753005,1667.1073213589543,1663.027597751227,1654.5215250946935,1642.5372248380493,1627.2963435136367
Singapore,SG,SGP,ASE,Other Asia,Primary aluminium ingot production,kt,0.0,0.0,No 2019 primary producer share; assigned zero,0.0,0.0,0.0,0.0,0.0,0.0,0.0,0.0,0.0,0.0,0.0,0.0,0.0,0.0,0.0,0.0,0.0,0.0,0.0,0.0,0.0,0.0,0.0,0.0,0.0,0.0,0.0,0.0,0.0,0.0,0.0,0.0
Myanmar,MM,MMR,ASE,Rest of World,Primary aluminium ingot production,kt,0.0,0.0,No 2019 primary producer share; assigned zero,0.0,0.0,0.0,0.0,0.0,0.0,0.0,0.0,0.0,0.0,0.0,0.0,0.0,0.0,0.0,0.0,0.0,0.0,0.0,0.0,0.0,0.0,0.0,0.0,0.0,0.0,0.0,0.0,0.0,0.0,0.0,0.0
Cambodia,KH,KHM,ASE,Rest of World,Primary aluminium ingot production,kt,0.0,0.0,No 2019 primary producer share; assigned zero,0.0,0.0,0.0,0.0,0.0,0.0,0.0,0.0,0.0,0.0,0.0,0.0,0.0,0.0,0.0,0.0,0.0,0.0,0.0,0.0,0.0,0.0,0.0,0.0,0.0,0.0,0.0,0.0,0.0,0.0,0.0,0.0
Brunei Darussalam,BN,BRN,ASE,Rest of World,Primary aluminium ingot production,kt,0.0,0.0,No 2019 primary producer share; assigned zero,0.0,0.0,0.0,0.0,0.0,0.0,0.0,0.0,0.0,0.0,0.0,0.0,0.0,0.0,0.0,0.0,0.0,0.0,0.0,0.0,0.0,0.0,0.0,0.0,0.0,0.0,0.0,0.0,0.0,0.0,0.0,0.0
Lao People's Democratic Republic,LA,LAO,ASE,Rest of World,Primary aluminium ingot production,kt,0.0,0.0,No 2019 primary producer share; assigned zero,0.0,0.0,0.0,0.0,0.0,0.0,0.0,0.0,0.0,0.0,0.0,0.0,0.0,0.0,0.0,0.0,0.0,0.0,0.0,0.0,0.0,0.0,0.0,0.0,0.0,0.0,0.0,0.0,0.0,0.0,0.0,0.0
Democratic People's Republic of Korea,KP,PRK,ASE,Rest of World,Primary aluminium ingot production,kt,0.0,0.0,No 2019 primary producer share; assigned zero,0.0,0.0,0.0,0.0,0.0,0.0,0.0,0.0,0.0,0.0,0.0,0.0,0.0,0.0,0.0,0.0,0.0,0.0,0.0,0.0,0.0,0.0,0.0,0.0,0.0,0.0,0.0,0.0,0.0,0.0,0.0,0.0
Cook Islands,CK,COK,ASE,Rest of World,Primary aluminium ingot production,kt,0.0,0.0,No 2019 primary producer share; assigned zero,0.0,0.0,0.0,0.0,0.0,0.0,0.0,0.0,0.0,0.0,0.0,0.0,0.0,0.0,0.0,0.0,0.0,0.0,0.0,0.0,0.0,0.0,0.0,0.0,0.0,0.0,0.0,0.0,0.0,0.0,0.0,0.0
Timor-Leste,TL,TLS,ASE,Rest of World,Primary aluminium ingot production,kt,0.0,0.0,No 2019 primary producer share; assigned zero,0.0,0.0,0.0,0.0,0.0,0.0,0.0,0.0,0.0,0.0,0.0,0.0,0.0,0.0,0.0,0.0,0.0,0.0,0.0,0.0,0.0,0.0,0.0,0.0,0.0,0.0,0.0,0.0,0.0,0.0,0.0,0.0
Fiji,FJ,FJI,ASE,Other main producer,Primary aluminium ingot production,kt,0.0,0.0,No 2019 primary producer share; assigned zero,0.0,0.0,0.0,0.0,0.0,0.0,0.0,0.0,0.0,0.0,0.0,0.0,0.0,0.0,0.0,0.0,0.0,0.0,0.0,0.0,0.0,0.0,0.0,0.0,0.0,0.0,0.0,0.0,0.0,0.0,0.0,0.0
French Polynesia,PF,PYF,ASE,Rest of World,Primary aluminium ingot production,kt,0.0,0.0,No 2019 primary producer share; assigned zero,0.0,0.0,0.0,0.0,0.0,0.0,0.0,0.0,0.0,0.0,0.0,0.0,0.0,0.0,0.0,0.0,0.0,0.0,0.0,0.0,0.0,0.0,0.0,0.0,0.0,0.0,0.0,0.0,0.0,0.0,0.0,0.0
Kiribati,KI,KIR,ASE,Rest of World,Primary aluminium ingot production,kt,0.0,0.0,No 2019 primary producer share; assigned zero,0.0,0.0,0.0,0.0,0.0,0.0,0.0,0.0,0.0,0.0,0.0,0.0,0.0,0.0,0.0,0.0,0.0,0.0,0.0,0.0,0.0,0.0,0.0,0.0,0.0,0.0,0.0,0.0,0.0,0.0,0.0,0.0
New Caledonia,NC,NCL,ASE,Rest of World,Primary aluminium ingot production,kt,0.0,0.0,No 2019 primary producer share; assigned zero,0.0,0.0,0.0,0.0,0.0,0.0,0.0,0.0,0.0,0.0,0.0,0.0,0.0,0.0,0.0,0.0,0.0,0.0,0.0,0.0,0.0,0.0,0.0,0.0,0.0,0.0,0.0,0.0,0.0,0.0,0.0,0.0
Palau,PW,PLW,ASE,Rest of World,Primary aluminium ingot production,kt,0.0,0.0,No 2019 primary producer share; assigned zero,0.0,0.0,0.0,0.0,0.0,0.0,0.0,0.0,0.0,0.0,0.0,0.0,0.0,0.0,0.0,0.0,0.0,0.0,0.0,0.0,0.0,0.0,0.0,0.0,0.0,0.0,0.0,0.0,0.0,0.0,0.0,0.0
Papua New Guinea,PG,PNG,ASE,Rest of World,Primary aluminium ingot production,kt,0.0,0.0,No 2019 primary producer share; assigned zero,0.0,0.0,0.0,0.0,0.0,0.0,0.0,0.0,0.0,0.0,0.0,0.0,0.0,0.0,0.0,0.0,0.0,0.0,0.0,0.0,0.0,0.0,0.0,0.0,0.0,0.0,0.0,0.0,0.0,0.0,0.0,0.0
American Samoa,AS,ASM,ASE,Rest of World,Primary aluminium ingot production,kt,0.0,0.0,No 2019 primary producer share; assigned zero,0.0,0.0,0.0,0.0,0.0,0.0,0.0,0.0,0.0,0.0,0.0,0.0,0.0,0.0,0.0,0.0,0.0,0.0,0.0,0.0,0.0,0.0,0.0,0.0,0.0,0.0,0.0,0.0,0.0,0.0,0.0,0.0
Solomon Islands,SB,SLB,ASE,Rest of World,Primary aluminium ingot production,kt,0.0,0.0,No 2019 primary producer share; assigned zero,0.0,0.0,0.0,0.0,0.0,0.0,0.0,0.0,0.0,0.0,0.0,0.0,0.0,0.0,0.0,0.0,0.0,0.0,0.0,0.0,0.0,0.0,0.0,0.0,0.0,0.0,0.0,0.0,0.0,0.0,0.0,0.0
Tonga,TO,TON,ASE,Rest of World,Primary aluminium ingot production,kt,0.0,0.0,No 2019 primary producer share; assigned zero,0.0,0.0,0.0,0.0,0.0,0.0,0.0,0.0,0.0,0.0,0.0,0.0,0.0,0.0,0.0,0.0,0.0,0.0,0.0,0.0,0.0,0.0,0.0,0.0,0.0,0.0,0.0,0.0,0.0,0.0,0.0,0.0
Vanuatu,VU,VUT,ASE,Rest of World,Primary aluminium ingot production,kt,0.0,0.0,No 2019 primary producer share; assigned zero,0.0,0.0,0.0,0.0,0.0,0.0,0.0,0.0,0.0,0.0,0.0,0.0,0.0,0.0,0.0,0.0,0.0,0.0,0.0,0.0,0.0,0.0,0.0,0.0,0.0,0.0,0.0,0.0,0.0,0.0,0.0,0.0
Niue,NU,NIU,ASE,Rest of World,Primary aluminium ingot production,kt,0.0,0.0,No 2019 primary producer share; assigned zero,0.0,0.0,0.0,0.0,0.0,0.0,0.0,0.0,0.0,0.0,0.0,0.0,0.0,0.0,0.0,0.0,0.0,0.0,0.0,0.0,0.0,0.0,0.0,0.0,0.0,0.0,0.0,0.0,0.0,0.0,0.0,0.0
Samoa,WS,WSM,ASE,Rest of World,Primary aluminium ingot production,kt,0.0,0.0,No 2019 primary producer share; assigned zero,0.0,0.0,0.0,0.0,0.0,0.0,0.0,0.0,0.0,0.0,0.0,0.0,0.0,0.0,0.0,0.0,0.0,0.0,0.0,0.0,0.0,0.0,0.0,0.0,0.0,0.0,0.0,0.0,0.0,0.0,0.0,0.0
Wallis and Futuna Islands,WF,WLF,ASE,Rest of World,Primary aluminium ingot production,kt,0.0,0.0,No 2019 primary producer share; assigned zero,0.0,0.0,0.0,0.0,0.0,0.0,0.0,0.0,0.0,0.0,0.0,0.0,0.0,0.0,0.0,0.0,0.0,0.0,0.0,0.0,0.0,0.0,0.0,0.0,0.0,0.0,0.0,0.0,0.0,0.0,0.0,0.0
Micronesia (Federated States of),FM,FSM,ASE,Rest of World,Primary aluminium ingot production,kt,0.0,0.0,No 2019 primary producer share; assigned zero,0.0,0.0,0.0,0.0,0.0,0.0,0.0,0.0,0.0,0.0,0.0,0.0,0.0,0.0,0.0,0.0,0.0,0.0,0.0,0.0,0.0,0.0,0.0,0.0,0.0,0.0,0.0,0.0,0.0,0.0,0.0,0.0
Nauru,NR,NRU,ASE,Rest of World,Primary aluminium ingot production,kt,0.0,0.0,No 2019 primary producer share; assigned zero,0.0,0.0,0.0,0.0,0.0,0.0,0.0,0.0,0.0,0.0,0.0,0.0,0.0,0.0,0.0,0.0,0.0,0.0,0.0,0.0,0.0,0.0,0.0,0.0,0.0,0.0,0.0,0.0,0.0,0.0,0.0,0.0
Tuvalu,TV,TUV,ASE,Rest of World,Primary aluminium ingot production,kt,0.0,0.0,No 2019 primary producer share; assigned zero,0.0,0.0,0.0,0.0,0.0,0.0,0.0,0.0,0.0,0.0,0.0,0.0,0.0,0.0,0.0,0.0,0.0,0.0,0.0,0.0,0.0,0.0,0.0,0.0,0.0,0.0,0.0,0.0,0.0,0.0,0.0,0.0
Northern Mariana Islands,MP,MNP,ASE,Rest of World,Primary aluminium ingot production,kt,0.0,0.0,No 2019 primary producer share; assigned zero,0.0,0.0,0.0,0.0,0.0,0.0,0.0,0.0,0.0,0.0,0.0,0.0,0.0,0.0,0.0,0.0,0.0,0.0,0.0,0.0,0.0,0.0,0.0,0.0,0.0,0.0,0.0,0.0,0.0,0.0,0.0,0.0
China,CN,CHN,CHN,China,Primary aluminium ingot production,kt,35044.0,1.0,2019 primary producer share from INF_Data,35044.0,37553.34580205754,40062.691604115076,42572.03740617262,45081.38320823015,47590.729010287694,43065.22633187938,41038.08896325597,38437.34220350888,35697.451838269626,33068.021850821184,30619.569282265507,28358.30691547182,26301.14504378354,24469.812510899214,22872.85966516682,21507.315155365646,20329.055931550007,19319.69511506556,18463.523805526063,17679.602698561965,16941.125479277907,16253.857517610653,15599.862573720597,14994.461800109877,14408.498905991013,13805.019996451903,13191.843327189814,12615.459523077825,12052.216516003704,11481.187214736896,10942.451181247576
"China, Hong Kong Special Administrative Region",HK,HKG,CHN,Rest of World,Primary aluminium ingot production,kt,0.0,0.0,No 2019 primary producer share; assigned zero,0.0,0.0,0.0,0.0,0.0,0.0,0.0,0.0,0.0,0.0,0.0,0.0,0.0,0.0,0.0,0.0,0.0,0.0,0.0,0.0,0.0,0.0,0.0,0.0,0.0,0.0,0.0,0.0,0.0,0.0,0.0,0.0
"China, Macao Special Administrative Region",MO,MAC,CHN,Rest of World,Primary aluminium ingot production,kt,0.0,0.0,No 2019 primary producer share; assigned zero,0.0,0.0,0.0,0.0,0.0,0.0,0.0,0.0,0.0,0.0,0.0,0.0,0.0,0.0,0.0,0.0,0.0,0.0,0.0,0.0,0.0,0.0,0.0,0.0,0.0,0.0,0.0,0.0,0.0,0.0,0.0,0.0
Indonesia,ID,IDN,IDN,Other Asia,Primary aluminium ingot production,kt,240.0,0.05172413793103448,2019 primary producer share from INF_Data,240.0,247.2246476642689,254.44929532853777,261.67394299280664,268.89859065707554,276.12323832134445,294.9800851884976,312.4628598393435,328.13570771910844,344.08445507490836,360.00728646486283,376.0080548447179,391.79948723414384,407.0885593134715,421.8572849736847,436.0076119365911,449.42837957936416,462.07584594302637,473.7271983769306,484.37514478902835,494.07141674347315,502.54693346688794,509.9647092146051,516.1258705664188,520.7433593782886,524.0428448175778,526.025367086937,526.4549435870382,525.166609816177,522.4804816088506,518.6959657383313,513.8830558464116
Philippines,PH,PHL,IDN,Rest of World,Primary aluminium ingot production,kt,0.0,0.0,No 2019 primary producer share; assigned zero,0.0,0.0,0.0,0.0,0.0,0.0,0.0,0.0,0.0,0.0,0.0,0.0,0.0,0.0,0.0,0.0,0.0,0.0,0.0,0.0,0.0,0.0,0.0,0.0,0.0,0.0,0.0,0.0,0.0,0.0,0.0,0.0
Viet Nam,VN,VNM,IDN,Other Asia,Primary aluminium ingot production,kt,0.0,0.0,No 2019 primary producer share; assigned zero,0.0,0.0,0.0,0.0,0.0,0.0,0.0,0.0,0.0,0.0,0.0,0.0,0.0,0.0,0.0,0.0,0.0,0.0,0.0,0.0,0.0,0.0,0.0,0.0,0.0,0.0,0.0,0.0,0.0,0.0,0.0,0.0
India,IN,IND,IND,Other Asia,Primary aluminium ingot production,kt,3640.0,0.7844827586206896,2019 primary producer share from INF_Data,3640.0,3749.573822908078,3859.1476458161565,3968.7214687242345,4078.295291632313,4187.869114540391,4473.8646253588795,4739.020040896709,4976.724900406478,5218.614235302777,5460.110511383752,5702.788831811554,5942.292223051181,6174.176482920984,6398.168822100884,6612.782114371632,6816.330423620356,7008.1503301359,7184.86250871678,7346.356362633596,7493.416487276009,7621.9618242478,7734.46475642151,7827.909036924018,7897.94095057071,7947.98314639993,7978.051400818545,7984.566644403412,7965.026915545351,7924.2873044009,7866.888813698025,7793.893013670576
Bangladesh,BD,BGD,ASO,Rest of World,Primary aluminium ingot production,kt,0.0,0.0,No 2019 primary producer share; assigned zero,0.0,0.0,0.0,0.0,0.0,0.0,0.0,0.0,0.0,0.0,0.0,0.0,0.0,0.0,0.0,0.0,0.0,0.0,0.0,0.0,0.0,0.0,0.0,0.0,0.0,0.0,0.0,0.0,0.0,0.0,0.0,0.0
Nepal,NP,NPL,ASO,Rest of World,Primary aluminium ingot production,kt,0.0,0.0,No 2019 primary producer share; assigned zero,0.0,0.0,0.0,0.0,0.0,0.0,0.0,0.0,0.0,0.0,0.0,0.0,0.0,0.0,0.0,0.0,0.0,0.0,0.0,0.0,0.0,0.0,0.0,0.0,0.0,0.0,0.0,0.0,0.0,0.0,0.0,0.0
Sri Lanka,LK,LKA,ASO,Rest of World,Primary aluminium ingot production,kt,0.0,0.0,No 2019 primary producer share; assigned zero,0.0,0.0,0.0,0.0,0.0,0.0,0.0,0.0,0.0,0.0,0.0,0.0,0.0,0.0,0.0,0.0,0.0,0.0,0.0,0.0,0.0,0.0,0.0,0.0,0.0,0.0,0.0,0.0,0.0,0.0,0.0,0.0
Pakistan,PK,PAK,ASO,Other Asia,Primary aluminium ingot production,kt,0.0,0.0,No 2019 primary producer share; assigned zero,0.0,0.0,0.0,0.0,0.0,0.0,0.0,0.0,0.0,0.0,0.0,0.0,0.0,0.0,0.0,0.0,0.0,0.0,0.0,0.0,0.0,0.0,0.0,0.0,0.0,0.0,0.0,0.0,0.0,0.0,0.0,0.0
Bhutan,BT,BTN,ASO,Rest of World,Primary aluminium ingot production,kt,0.0,0.0,No 2019 primary producer share; assigned zero,0.0,0.0,0.0,0.0,0.0,0.0,0.0,0.0,0.0,0.0,0.0,0.0,0.0,0.0,0.0,0.0,0.0,0.0,0.0,0.0,0.0,0.0,0.0,0.0,0.0,0.0,0.0,0.0,0.0,0.0,0.0,0.0
Maldives,MV,MDV,ASO,Rest of World,Primary aluminium ingot production,kt,0.0,0.0,No 2019 primary producer share; assigned zero,0.0,0.0,0.0,0.0,0.0,0.0,0.0,0.0,0.0,0.0,0.0,0.0,0.0,0.0,0.0,0.0,0.0,0.0,0.0,0.0,0.0,0.0,0.0,0.0,0.0,0.0,0.0,0.0,0.0,0.0,0.0,0.0
Japan,JP,JPN,JPN,Japan,Primary aluminium ingot production,kt,90.89354286806416,1.0,Single-country Japan fallback; 2019 back-extrapolated from Zijie 2024-2030 trend,90.89354286806416,89.31815828059612,87.74277369312809,86.16738910566005,84.59200451819201,83.01661993072398,108.8749061744946,99.96515495027464,92.0749775416405,85.12195792233109,78.99075797642372,73.56431240591576,68.78211542861386,64.6524281690528,61.167017213503186,58.29076764076705,56.01858115783067,54.43076015587271,53.47785883763892,53.12033340008392,53.278976268436224,53.8430822660895,54.70347933937426,55.863310425690585,57.18645493749704,58.44104651943076,59.52837494618386,60.3897805522464,60.98221672948148,61.22671884883938,61.068038966972864,60.53241593315074
"Taiwan, Province of China",TW,TWN,SKT,Other Asia,Primary aluminium ingot production,kt,0.0,0.0,No 2019 primary producer share; assigned zero,0.0,0.0,0.0,0.0,0.0,0.0,0.0,0.0,0.0,0.0,0.0,0.0,0.0,0.0,0.0,0.0,0.0,0.0,0.0,0.0,0.0,0.0,0.0,0.0,0.0,0.0,0.0,0.0,0.0,0.0,0.0,0.0
Republic of Korea,KR,KOR,SKT,Other Asia,Primary aluminium ingot production,kt,0.0,0.0,No 2019 primary producer share; assigned zero,0.0,0.0,0.0,0.0,0.0,0.0,0.0,0.0,0.0,0.0,0.0,0.0,0.0,0.0,0.0,0.0,0.0,0.0,0.0,0.0,0.0,0.0,0.0,0.0,0.0,0.0,0.0,0.0,0.0,0.0,0.0,0.0
Australia,AU,AUS,ANZ,Other main producer,Primary aluminium ingot production,kt,1570.0,0.22573687994248742,2019 primary producer share from INF_Data,1570.0,1595.642300893173,1621.2846017863455,1646.9269026795184,1672.569203572691,1698.211504465864,2517.8410777107756,2405.780652679297,2370.893772432422,2327.838375827989,2292.617314730321,2264.046182545007,2242.9748171305505,2231.2421792847977,2226.5877104524734,2228.324089680097,2235.753067363824,2246.3355580099515,2258.3492431302834,2272.7241071028548,2289.653956537032,2309.0125940280896,2330.8835461971057,2352.8730300618117,2374.8897710055367,2398.4139139432004,2423.3774297907275,2449.45478006942,2474.369036589936,2497.2720567374945,2519.003346777141,2542.836003957744
New Zealand,NZ,NZL,ANZ,Other main producer,Primary aluminium ingot production,kt,351.0,0.05046728971962617,2019 primary producer share from INF_Data,351.0,356.7327691805756,362.4655383611512,368.1983075417267,373.9310767223023,379.6638459028779,562.9058715136829,537.8528720321231,530.053321097949,520.4275604558114,512.5532977518106,506.1657389001894,501.45487949861354,498.8318502732255,497.7912652030689,498.179462087716,499.84033544248547,502.20622984808466,504.89209193549647,508.10583540961915,511.89078900923454,516.2187391744327,521.1083596912001,526.0244799692331,530.9466940273525,536.2059132446263,541.786928571048,547.6169603849468,553.1869629573679,558.307319690994,563.1657163813862,568.4939091650754
United States of America,US,USA,USA,North America,Primary aluminium ingot production,kt,1090.0,0.276369168356998,2019 primary producer share from INF_Data,1090.0,1039.065555977236,988.1311119544721,937.1966679317081,886.2622239089441,835.3277798861801,607.6411353089627,626.7864522691519,616.4662908690641,609.7692823902463,598.8963022751801,585.2043868900415,573.0552535104885,559.2851971053044,544.3382017824505,530.0530762934357,514.1723835215327,497.07626705249726,481.850573485346,466.06196332841466,446.71095246883596,426.75097327492,408.9988761798248,392.97096956307513,374.5833725050038,354.0714379555542,336.3244685807647,317.3151827739918,299.93233913101767,283.9672641487032,266.77945276195845,252.74292100259314
Canada,CA,CAN,CAN,North America,Primary aluminium ingot production,kt,2854.0,0.723630831643002,2019 primary producer share from INF_Data,2854.0,2720.6358685862674,2587.271737172535,2453.9076057588027,2320.54347434507,2187.1793429313375,1591.016330432825,1641.1454447487702,1614.1236643489071,1596.5885614144613,1568.1193088929945,1532.269101086402,1500.4584344210402,1464.4036261821457,1425.2671815478107,1387.8637428820782,1346.2825528169303,1301.5189597869974,1261.652785988236,1220.3127003112802,1169.6450076569336,1117.382823602405,1070.901644602954,1028.9349973697397,980.7898579167713,927.0824623166528,880.6147094766077,830.8417721440115,785.3274274127746,743.5252953031181,698.5216130115866,661.7690793957805
Argentina,AR,ARG,LAM,South America,Primary aluminium ingot production,kt,427.0,0.3935483870967742,2019 primary producer share from INF_Data,427.0,431.82295644648764,436.6459128929753,441.4688693394629,446.29182578595055,451.1147822324382,455.631847032773,457.86422057057837,455.9287191623336,453.69759178828843,451.45494115207333,449.5183870296393,446.95975184102116,443.6856694644072,439.438235183442,434.96907307666,429.422759522221,422.2766039487632,414.6799193288479,407.126211115316,399.0022914842318,390.2593199311708,380.4483358317227,369.6962283307261,358.55765082547094,346.7376303799529,334.4976893448756,321.7881701222663,308.97338570763736,295.3160216538025,280.55162674657595,266.4341935466587
Venezuela (Bolivarian Republic of),VE,VEN,LAM,South America,Primary aluminium ingot production,kt,8.0,0.007373271889400922,2019 primary producer share from INF_Data,8.0,8.09035983974684,8.180719679493683,8.271079519240523,8.361439358987365,8.451799198734205,8.536428047452421,8.578252376029571,8.541990054563627,8.500189073316879,8.458172199570459,8.421890155122048,8.373953196084704,8.31261207427461,8.233034851212027,8.149303476846088,8.045391279104843,7.911505460398373,7.769178816465534,7.627657351106622,7.475452767854461,7.311650022129664,7.127837673662253,6.9263930366412385,6.717707743802734,6.496255370116214,6.26693563175411,6.028818175592811,5.788728537848007,5.532852864708244,5.256236566680579,4.991741331084941
Colombia,CO,COL,LAM,Rest of World,Primary aluminium ingot production,kt,0.0,0.0,No 2019 primary producer share; assigned zero,0.0,0.0,0.0,0.0,0.0,0.0,0.0,0.0,0.0,0.0,0.0,0.0,0.0,0.0,0.0,0.0,0.0,0.0,0.0,0.0,0.0,0.0,0.0,0.0,0.0,0.0,0.0,0.0,0.0,0.0,0.0,0.0
Peru,PE,PER,LAM,Rest of World,Primary aluminium ingot production,kt,0.0,0.0,No 2019 primary producer share; assigned zero,0.0,0.0,0.0,0.0,0.0,0.0,0.0,0.0,0.0,0.0,0.0,0.0,0.0,0.0,0.0,0.0,0.0,0.0,0.0,0.0,0.0,0.0,0.0,0.0,0.0,0.0,0.0,0.0,0.0,0.0,0.0,0.0
Trinidad and Tobago,TT,TTO,LAM,Rest of World,Primary aluminium ingot production,kt,0.0,0.0,No 2019 primary producer share; assigned zero,0.0,0.0,0.0,0.0,0.0,0.0,0.0,0.0,0.0,0.0,0.0,0.0,0.0,0.0,0.0,0.0,0.0,0.0,0.0,0.0,0.0,0.0,0.0,0.0,0.0,0.0,0.0,0.0,0.0,0.0,0.0,0.0
Ecuador,EC,ECU,LAM,Rest of World,Primary aluminium ingot production,kt,0.0,0.0,No 2019 primary producer share; assigned zero,0.0,0.0,0.0,0.0,0.0,0.0,0.0,0.0,0.0,0.0,0.0,0.0,0.0,0.0,0.0,0.0,0.0,0.0,0.0,0.0,0.0,0.0,0.0,0.0,0.0,0.0,0.0,0.0,0.0,0.0,0.0,0.0
Guatemala,GT,GTM,LAM,Rest of World,Primary aluminium ingot production,kt,0.0,0.0,No 2019 primary producer share; assigned zero,0.0,0.0,0.0,0.0,0.0,0.0,0.0,0.0,0.0,0.0,0.0,0.0,0.0,0.0,0.0,0.0,0.0,0.0,0.0,0.0,0.0,0.0,0.0,0.0,0.0,0.0,0.0,0.0,0.0,0.0,0.0,0.0
Cuba,CU,CUB,LAM,Rest of World,Primary aluminium ingot production,kt,0.0,0.0,No 2019 primary producer share; assigned zero,0.0,0.0,0.0,0.0,0.0,0.0,0.0,0.0,0.0,0.0,0.0,0.0,0.0,0.0,0.0,0.0,0.0,0.0,0.0,0.0,0.0,0.0,0.0,0.0,0.0,0.0,0.0,0.0,0.0,0.0,0.0,0.0
Bolivia (Plurinational State of),BO,BOL,LAM,Rest of World,Primary aluminium ingot production,kt,0.0,0.0,No 2019 primary producer share; assigned zero,0.0,0.0,0.0,0.0,0.0,0.0,0.0,0.0,0.0,0.0,0.0,0.0,0.0,0.0,0.0,0.0,0.0,0.0,0.0,0.0,0.0,0.0,0.0,0.0,0.0,0.0,0.0,0.0,0.0,0.0,0.0,0.0
Dominican Republic,DO,DOM,LAM,South America,Primary aluminium ingot production,kt,0.0,0.0,No 2019 primary producer share; assigned zero,0.0,0.0,0.0,0.0,0.0,0.0,0.0,0.0,0.0,0.0,0.0,0.0,0.0,0.0,0.0,0.0,0.0,0.0,0.0,0.0,0.0,0.0,0.0,0.0,0.0,0.0,0.0,0.0,0.0,0.0,0.0,0.0
Honduras,HN,HND,LAM,Rest of World,Primary aluminium ingot production,kt,0.0,0.0,No 2019 primary producer share; assigned zero,0.0,0.0,0.0,0.0,0.0,0.0,0.0,0.0,0.0,0.0,0.0,0.0,0.0,0.0,0.0,0.0,0.0,0.0,0.0,0.0,0.0,0.0,0.0,0.0,0.0,0.0,0.0,0.0,0.0,0.0,0.0,0.0
Paraguay,PY,PRY,LAM,Rest of World,Primary aluminium ingot production,kt,0.0,0.0,No 2019 primary producer share; assigned zero,0.0,0.0,0.0,0.0,0.0,0.0,0.0,0.0,0.0,0.0,0.0,0.0,0.0,0.0,0.0,0.0,0.0,0.0,0.0,0.0,0.0,0.0,0.0,0.0,0.0,0.0,0.0,0.0,0.0,0.0,0.0,0.0
Uruguay,UY,URY,LAM,Rest of World,Primary aluminium ingot production,kt,0.0,0.0,No 2019 primary producer share; assigned zero,0.0,0.0,0.0,0.0,0.0,0.0,0.0,0.0,0.0,0.0,0.0,0.0,0.0,0.0,0.0,0.0,0.0,0.0,0.0,0.0,0.0,0.0,0.0,0.0,0.0,0.0,0.0,0.0,0.0,0.0,0.0,0.0
Costa Rica,CR,CRI,LAM,Rest of World,Primary aluminium ingot production,kt,0.0,0.0,No 2019 primary producer share; assigned zero,0.0,0.0,0.0,0.0,0.0,0.0,0.0,0.0,0.0,0.0,0.0,0.0,0.0,0.0,0.0,0.0,0.0,0.0,0.0,0.0,0.0,0.0,0.0,0.0,0.0,0.0,0.0,0.0,0.0,0.0,0.0,0.0
El Salvador,SV,SLV,LAM,Rest of World,Primary aluminium ingot production,kt,0.0,0.0,No 2019 primary producer share; assigned zero,0.0,0.0,0.0,0.0,0.0,0.0,0.0,0.0,0.0,0.0,0.0,0.0,0.0,0.0,0.0,0.0,0.0,0.0,0.0,0.0,0.0,0.0,0.0,0.0,0.0,0.0,0.0,0.0,0.0,0.0,0.0,0.0
Haiti,HT,HTI,LAM,South America,Primary aluminium ingot production,kt,0.0,0.0,No 2019 primary producer share; assigned zero,0.0,0.0,0.0,0.0,0.0,0.0,0.0,0.0,0.0,0.0,0.0,0.0,0.0,0.0,0.0,0.0,0.0,0.0,0.0,0.0,0.0,0.0,0.0,0.0,0.0,0.0,0.0,0.0,0.0,0.0,0.0,0.0
Panama,PA,PAN,LAM,Rest of World,Primary aluminium ingot production,kt,0.0,0.0,No 2019 primary producer share; assigned zero,0.0,0.0,0.0,0.0,0.0,0.0,0.0,0.0,0.0,0.0,0.0,0.0,0.0,0.0,0.0,0.0,0.0,0.0,0.0,0.0,0.0,0.0,0.0,0.0,0.0,0.0,0.0,0.0,0.0,0.0,0.0,0.0
Nicaragua,NI,NIC,LAM,Rest of World,Primary aluminium ingot production,kt,0.0,0.0,No 2019 primary producer share; assigned zero,0.0,0.0,0.0,0.0,0.0,0.0,0.0,0.0,0.0,0.0,0.0,0.0,0.0,0.0,0.0,0.0,0.0,0.0,0.0,0.0,0.0,0.0,0.0,0.0,0.0,0.0,0.0,0.0,0.0,0.0,0.0,0.0
Jamaica,JM,JAM,LAM,South America,Primary aluminium ingot production,kt,0.0,0.0,No 2019 primary producer share; assigned zero,0.0,0.0,0.0,0.0,0.0,0.0,0.0,0.0,0.0,0.0,0.0,0.0,0.0,0.0,0.0,0.0,0.0,0.0,0.0,0.0,0.0,0.0,0.0,0.0,0.0,0.0,0.0,0.0,0.0,0.0,0.0,0.0
Curaçao,CW,CUW,LAM,Rest of World,Primary aluminium ingot production,kt,0.0,0.0,No 2019 primary producer share; assigned zero,0.0,0.0,0.0,0.0,0.0,0.0,0.0,0.0,0.0,0.0,0.0,0.0,0.0,0.0,0.0,0.0,0.0,0.0,0.0,0.0,0.0,0.0,0.0,0.0,0.0,0.0,0.0,0.0,0.0,0.0,0.0,0.0
Suriname,SR,SUR,LAM,South America,Primary aluminium ingot production,kt,0.0,0.0,No 2019 primary producer share; assigned zero,0.0,0.0,0.0,0.0,0.0,0.0,0.0,0.0,0.0,0.0,0.0,0.0,0.0,0.0,0.0,0.0,0.0,0.0,0.0,0.0,0.0,0.0,0.0,0.0,0.0,0.0,0.0,0.0,0.0,0.0,0.0,0.0
Antigua and Barbuda,AG,ATG,LAM,Rest of World,Primary aluminium ingot production,kt,0.0,0.0,No 2019 primary producer share; assigned zero,0.0,0.0,0.0,0.0,0.0,0.0,0.0,0.0,0.0,0.0,0.0,0.0,0.0,0.0,0.0,0.0,0.0,0.0,0.0,0.0,0.0,0.0,0.0,0.0,0.0,0.0,0.0,0.0,0.0,0.0,0.0,0.0
Aruba,AW,ABW,LAM,Rest of World,Primary aluminium ingot production,kt,0.0,0.0,No 2019 primary producer share; assigned zero,0.0,0.0,0.0,0.0,0.0,0.0,0.0,0.0,0.0,0.0,0.0,0.0,0.0,0.0,0.0,0.0,0.0,0.0,0.0,0.0,0.0,0.0,0.0,0.0,0.0,0.0,0.0,0.0,0.0,0.0,0.0,0.0
Bahamas,BS,BHS,LAM,Rest of World,Primary aluminium ingot production,kt,0.0,0.0,No 2019 primary producer share; assigned zero,0.0,0.0,0.0,0.0,0.0,0.0,0.0,0.0,0.0,0.0,0.0,0.0,0.0,0.0,0.0,0.0,0.0,0.0,0.0,0.0,0.0,0.0,0.0,0.0,0.0,0.0,0.0,0.0,0.0,0.0,0.0,0.0
Barbados,BB,BRB,LAM,Rest of World,Primary aluminium ingot production,kt,0.0,0.0,No 2019 primary producer share; assigned zero,0.0,0.0,0.0,0.0,0.0,0.0,0.0,0.0,0.0,0.0,0.0,0.0,0.0,0.0,0.0,0.0,0.0,0.0,0.0,0.0,0.0,0.0,0.0,0.0,0.0,0.0,0.0,0.0,0.0,0.0,0.0,0.0
Belize,BZ,BLZ,LAM,Rest of World,Primary aluminium ingot production,kt,0.0,0.0,No 2019 primary producer share; assigned zero,0.0,0.0,0.0,0.0,0.0,0.0,0.0,0.0,0.0,0.0,0.0,0.0,0.0,0.0,0.0,0.0,0.0,0.0,0.0,0.0,0.0,0.0,0.0,0.0,0.0,0.0,0.0,0.0,0.0,0.0,0.0,0.0
Bermuda,BM,BMU,LAM,Rest of World,Primary aluminium ingot production,kt,0.0,0.0,No 2019 primary producer share; assigned zero,0.0,0.0,0.0,0.0,0.0,0.0,0.0,0.0,0.0,0.0,0.0,0.0,0.0,0.0,0.0,0.0,0.0,0.0,0.0,0.0,0.0,0.0,0.0,0.0,0.0,0.0,0.0,0.0,0.0,0.0,0.0,0.0
British Virgin Islands,VG,VGB,LAM,Rest of World,Primary aluminium ingot production,kt,0.0,0.0,No 2019 primary producer share; assigned zero,0.0,0.0,0.0,0.0,0.0,0.0,0.0,0.0,0.0,0.0,0.0,0.0,0.0,0.0,0.0,0.0,0.0,0.0,0.0,0.0,0.0,0.0,0.0,0.0,0.0,0.0,0.0,0.0,0.0,0.0,0.0,0.0
Cayman Islands,KY,CYM,LAM,Rest of World,Primary aluminium ingot production,kt,0.0,0.0,No 2019 primary producer share; assigned zero,0.0,0.0,0.0,0.0,0.0,0.0,0.0,0.0,0.0,0.0,0.0,0.0,0.0,0.0,0.0,0.0,0.0,0.0,0.0,0.0,0.0,0.0,0.0,0.0,0.0,0.0,0.0,0.0,0.0,0.0,0.0,0.0
Dominica,DM,DMA,LAM,Rest of World,Primary aluminium ingot production,kt,0.0,0.0,No 2019 primary producer share; assigned zero,0.0,0.0,0.0,0.0,0.0,0.0,0.0,0.0,0.0,0.0,0.0,0.0,0.0,0.0,0.0,0.0,0.0,0.0,0.0,0.0,0.0,0.0,0.0,0.0,0.0,0.0,0.0,0.0,0.0,0.0,0.0,0.0
Falkland Islands (Malvinas),FK,FLK,LAM,Rest of World,Primary aluminium ingot production,kt,0.0,0.0,No 2019 primary producer share; assigned zero,0.0,0.0,0.0,0.0,0.0,0.0,0.0,0.0,0.0,0.0,0.0,0.0,0.0,0.0,0.0,0.0,0.0,0.0,0.0,0.0,0.0,0.0,0.0,0.0,0.0,0.0,0.0,0.0,0.0,0.0,0.0,0.0
Guyana,GY,GUY,LAM,South America,Primary aluminium ingot production,kt,0.0,0.0,No 2019 primary producer share; assigned zero,0.0,0.0,0.0,0.0,0.0,0.0,0.0,0.0,0.0,0.0,0.0,0.0,0.0,0.0,0.0,0.0,0.0,0.0,0.0,0.0,0.0,0.0,0.0,0.0,0.0,0.0,0.0,0.0,0.0,0.0,0.0,0.0
Grenada,GD,GRD,LAM,Rest of World,Primary aluminium ingot production,kt,0.0,0.0,No 2019 primary producer share; assigned zero,0.0,0.0,0.0,0.0,0.0,0.0,0.0,0.0,0.0,0.0,0.0,0.0,0.0,0.0,0.0,0.0,0.0,0.0,0.0,0.0,0.0,0.0,0.0,0.0,0.0,0.0,0.0,0.0,0.0,0.0,0.0,0.0
Guadeloupe,GP,GLP,LAM,Rest of World,Primary aluminium ingot production,kt,0.0,0.0,No 2019 primary producer share; assigned zero,0.0,0.0,0.0,0.0,0.0,0.0,0.0,0.0,0.0,0.0,0.0,0.0,0.0,0.0,0.0,0.0,0.0,0.0,0.0,0.0,0.0,0.0,0.0,0.0,0.0,0.0,0.0,0.0,0.0,0.0,0.0,0.0
Cooperative Republic of Guyana,GY,GUY,LAM,South America,Primary aluminium ingot production,kt,0.0,0.0,No 2019 primary producer share; assigned zero,0.0,0.0,0.0,0.0,0.0,0.0,0.0,0.0,0.0,0.0,0.0,0.0,0.0,0.0,0.0,0.0,0.0,0.0,0.0,0.0,0.0,0.0,0.0,0.0,0.0,0.0,0.0,0.0,0.0,0.0,0.0,0.0
Martinique,MQ,MTQ,LAM,Rest of World,Primary aluminium ingot production,kt,0.0,0.0,No 2019 primary producer share; assigned zero,0.0,0.0,0.0,0.0,0.0,0.0,0.0,0.0,0.0,0.0,0.0,0.0,0.0,0.0,0.0,0.0,0.0,0.0,0.0,0.0,0.0,0.0,0.0,0.0,0.0,0.0,0.0,0.0,0.0,0.0,0.0,0.0
Montserrat,MS,MSR,LAM,Rest of World,Primary aluminium ingot production,kt,0.0,0.0,No 2019 primary producer share; assigned zero,0.0,0.0,0.0,0.0,0.0,0.0,0.0,0.0,0.0,0.0,0.0,0.0,0.0,0.0,0.0,0.0,0.0,0.0,0.0,0.0,0.0,0.0,0.0,0.0,0.0,0.0,0.0,0.0,0.0,0.0,0.0,0.0
Puerto Rico,PR,PRI,LAM,Rest of World,Primary aluminium ingot production,kt,0.0,0.0,No 2019 primary producer share; assigned zero,0.0,0.0,0.0,0.0,0.0,0.0,0.0,0.0,0.0,0.0,0.0,0.0,0.0,0.0,0.0,0.0,0.0,0.0,0.0,0.0,0.0,0.0,0.0,0.0,0.0,0.0,0.0,0.0,0.0,0.0,0.0,0.0
"Bonaire, Sint Eustatius and Saba",BQ,BES,LAM,Rest of World,Primary aluminium ingot production,kt,0.0,0.0,No 2019 primary producer share; assigned zero,0.0,0.0,0.0,0.0,0.0,0.0,0.0,0.0,0.0,0.0,0.0,0.0,0.0,0.0,0.0,0.0,0.0,0.0,0.0,0.0,0.0,0.0,0.0,0.0,0.0,0.0,0.0,0.0,0.0,0.0,0.0,0.0
Saint Kitts and Nevis,KN,KNA,LAM,Rest of World,Primary aluminium ingot production,kt,0.0,0.0,No 2019 primary producer share; assigned zero,0.0,0.0,0.0,0.0,0.0,0.0,0.0,0.0,0.0,0.0,0.0,0.0,0.0,0.0,0.0,0.0,0.0,0.0,0.0,0.0,0.0,0.0,0.0,0.0,0.0,0.0,0.0,0.0,0.0,0.0,0.0,0.0
Saint Lucia,LC,LCA,LAM,Rest of World,Primary aluminium ingot production,kt,0.0,0.0,No 2019 primary producer share; assigned zero,0.0,0.0,0.0,0.0,0.0,0.0,0.0,0.0,0.0,0.0,0.0,0.0,0.0,0.0,0.0,0.0,0.0,0.0,0.0,0.0,0.0,0.0,0.0,0.0,0.0,0.0,0.0,0.0,0.0,0.0,0.0,0.0
Saint Pierre and Miquelon,PM,SPM,LAM,Rest of World,Primary aluminium ingot production,kt,0.0,0.0,No 2019 primary producer share; assigned zero,0.0,0.0,0.0,0.0,0.0,0.0,0.0,0.0,0.0,0.0,0.0,0.0,0.0,0.0,0.0,0.0,0.0,0.0,0.0,0.0,0.0,0.0,0.0,0.0,0.0,0.0,0.0,0.0,0.0,0.0,0.0,0.0
Saint Vincent and the Grenadines,VC,VCT,LAM,Rest of World,Primary aluminium ingot production,kt,0.0,0.0,No 2019 primary producer share; assigned zero,0.0,0.0,0.0,0.0,0.0,0.0,0.0,0.0,0.0,0.0,0.0,0.0,0.0,0.0,0.0,0.0,0.0,0.0,0.0,0.0,0.0,0.0,0.0,0.0,0.0,0.0,0.0,0.0,0.0,0.0,0.0,0.0
Saint Martin,MF,MAF,LAM,Rest of World,Primary aluminium ingot production,kt,0.0,0.0,No 2019 primary producer share; assigned zero,0.0,0.0,0.0,0.0,0.0,0.0,0.0,0.0,0.0,0.0,0.0,0.0,0.0,0.0,0.0,0.0,0.0,0.0,0.0,0.0,0.0,0.0,0.0,0.0,0.0,0.0,0.0,0.0,0.0,0.0,0.0,0.0
Turks and Caicos Islands,TC,TCA,LAM,Rest of World,Primary aluminium ingot production,kt,0.0,0.0,No 2019 primary producer share; assigned zero,0.0,0.0,0.0,0.0,0.0,0.0,0.0,0.0,0.0,0.0,0.0,0.0,0.0,0.0,0.0,0.0,0.0,0.0,0.0,0.0,0.0,0.0,0.0,0.0,0.0,0.0,0.0,0.0,0.0,0.0,0.0,0.0
Sint Maarten (Dutch part),SX,SXM,LAM,Rest of World,Primary aluminium ingot production,kt,0.0,0.0,No 2019 primary producer share; assigned zero,0.0,0.0,0.0,0.0,0.0,0.0,0.0,0.0,0.0,0.0,0.0,0.0,0.0,0.0,0.0,0.0,0.0,0.0,0.0,0.0,0.0,0.0,0.0,0.0,0.0,0.0,0.0,0.0,0.0,0.0,0.0,0.0
Anguilla,AI,AIA,LAM,Rest of World,Primary aluminium ingot production,kt,0.0,0.0,No 2019 primary producer share; assigned zero,0.0,0.0,0.0,0.0,0.0,0.0,0.0,0.0,0.0,0.0,0.0,0.0,0.0,0.0,0.0,0.0,0.0,0.0,0.0,0.0,0.0,0.0,0.0,0.0,0.0,0.0,0.0,0.0,0.0,0.0,0.0,0.0
Brazil,BR,BRA,BRA,South America,Primary aluminium ingot production,kt,650.0,0.5990783410138248,2019 primary producer share from INF_Data,650.0,657.3417369794308,664.6834739588617,672.0252109382924,679.3669479177232,686.7086848971541,693.5847788555092,696.9830055524026,694.0366919332947,690.6403622069964,687.2264912150998,684.2785751036664,680.3836971818822,675.3997310348119,668.9340816609772,662.1309074937446,653.6880414272684,642.8098186573677,631.2457788378247,619.747159777413,607.3805373881748,594.0715642980351,579.136810985058,562.7694342271005,545.813754183972,527.8207488219424,509.18852008002136,489.84147676691583,470.3341937001505,449.5442952575448,427.06922104279704,405.5789831506514
Mexico,MX,MEX,MEX,North America,Primary aluminium ingot production,kt,0.0,0.0,No 2019 primary producer share; assigned zero,0.0,0.0,0.0,0.0,0.0,0.0,0.0,0.0,0.0,0.0,0.0,0.0,0.0,0.0,0.0,0.0,0.0,0.0,0.0,0.0,0.0,0.0,0.0,0.0,0.0,0.0,0.0,0.0,0.0,0.0,0.0,0.0
Chile,CL,CHL,CHL,Rest of World,Primary aluminium ingot production,kt,0.0,0.0,No 2019 primary producer share; assigned zero,0.0,0.0,0.0,0.0,0.0,0.0,0.0,0.0,0.0,0.0,0.0,0.0,0.0,0.0,0.0,0.0,0.0,0.0,0.0,0.0,0.0,0.0,0.0,0.0,0.0,0.0,0.0,0.0,0.0,0.0,0.0,0.0
Ukraine,UA,UKR,ENE,Europe,Primary aluminium ingot production,kt,0.0,0.0,No 2019 primary producer share; assigned zero,0.0,0.0,0.0,0.0,0.0,0.0,0.0,0.0,0.0,0.0,0.0,0.0,0.0,0.0,0.0,0.0,0.0,0.0,0.0,0.0,0.0,0.0,0.0,0.0,0.0,0.0,0.0,0.0,0.0,0.0,0.0,0.0
Belarus,BY,BLR,ENE,Rest of World,Primary aluminium ingot production,kt,0.0,0.0,No 2019 primary producer share; assigned zero,0.0,0.0,0.0,0.0,0.0,0.0,0.0,0.0,0.0,0.0,0.0,0.0,0.0,0.0,0.0,0.0,0.0,0.0,0.0,0.0,0.0,0.0,0.0,0.0,0.0,0.0,0.0,0.0,0.0,0.0,0.0,0.0
Serbia,RS,SRB,ENE,Europe,Primary aluminium ingot production,kt,0.0,0.0,No 2019 primary producer share; assigned zero,0.0,0.0,0.0,0.0,0.0,0.0,0.0,0.0,0.0,0.0,0.0,0.0,0.0,0.0,0.0,0.0,0.0,0.0,0.0,0.0,0.0,0.0,0.0,0.0,0.0,0.0,0.0,0.0,0.0,0.0,0.0,0.0
Bosnia and Herzegovina,BA,BIH,ENE,Rest of World,Primary aluminium ingot production,kt,55.0,0.07217847769028872,2019 primary producer share from INF_Data,55.0,50.01248312147538,45.024966242950754,40.03744936442613,35.04993248590151,30.06241560737688,41.589877899684765,44.57652476540123,47.605321994581665,50.68074641111857,53.87015835049868,57.17174931196276,60.58856682402175,64.11658219634727,67.73847291047186,71.4155945971281,75.09556472096484,78.74555336309066,82.33818014701025,85.87924664639175,89.4306357880682,93.03173717243438,96.66419301914092,100.35929437183574,104.16160660525894,108.01993333951995,111.8717568207459,115.71525030706383,119.51035189338977,123.23932112892216,126.90540827092255,130.42334383253194
Republic of Moldova,MD,MDA,ENE,Europe,Primary aluminium ingot production,kt,0.0,0.0,No 2019 primary producer share; assigned zero,0.0,0.0,0.0,0.0,0.0,0.0,0.0,0.0,0.0,0.0,0.0,0.0,0.0,0.0,0.0,0.0,0.0,0.0,0.0,0.0,0.0,0.0,0.0,0.0,0.0,0.0,0.0,0.0,0.0,0.0,0.0,0.0
Republic of North Macedonia,MK,MKD,ENE,Europe,Primary aluminium ingot production,kt,0.0,0.0,No 2019 primary producer share; assigned zero,0.0,0.0,0.0,0.0,0.0,0.0,0.0,0.0,0.0,0.0,0.0,0.0,0.0,0.0,0.0,0.0,0.0,0.0,0.0,0.0,0.0,0.0,0.0,0.0,0.0,0.0,0.0,0.0,0.0,0.0,0.0,0.0
Kosovo,XK,XKX,ENE,Rest of World,Primary aluminium ingot production,kt,0.0,0.0,No 2019 primary producer share; assigned zero,0.0,0.0,0.0,0.0,0.0,0.0,0.0,0.0,0.0,0.0,0.0,0.0,0.0,0.0,0.0,0.0,0.0,0.0,0.0,0.0,0.0,0.0,0.0,0.0,0.0,0.0,0.0,0.0,0.0,0.0,0.0,0.0
Albania,AL,ALB,ENE,Rest of World,Primary aluminium ingot production,kt,0.0,0.0,No 2019 primary producer share; assigned zero,0.0,0.0,0.0,0.0,0.0,0.0,0.0,0.0,0.0,0.0,0.0,0.0,0.0,0.0,0.0,0.0,0.0,0.0,0.0,0.0,0.0,0.0,0.0,0.0,0.0,0.0,0.0,0.0,0.0,0.0,0.0,0.0
Montenegro,ME,MNE,ENE,Europe,Primary aluminium ingot production,kt,60.0,0.012944983818770227,2019 primary producer share from INF_Data,60.0,59.2393892457717,58.47877849154339,57.718167737315085,56.957556983086775,56.19694622885847,28.282314326567036,30.5422471914939,29.09350226446339,29.15601182321104,28.604435195025143,27.788661503913833,26.701801390549946,25.51182127066349,24.26950984786666,22.83735672865829,21.28023430733546,19.656519366818404,18.088605498357058,16.4985510593339,14.854224612379753,13.329598160057877,11.956288800863543,10.516524272400385,8.857027992115734,7.215701156639344,5.685137716752958,4.245448568120467,2.801535082247419,1.33789256106625,1.3222403636346662,1.3077951861119563
Norway,NO,NOR,ENW,Europe,Primary aluminium ingot production,kt,1400.0,0.30204962243797195,2019 primary producer share from INF_Data,1400.0,1382.252415734673,1364.5048314693456,1346.7572472040185,1329.0096629386912,1311.2620786733642,659.9206676198975,712.652434468191,678.8483861708123,680.3069425415908,667.4368212172533,648.4021017579894,623.0420324461653,595.2758296488147,566.2885631168888,532.8716570020267,496.53880050449396,458.6521185590961,422.06746162833133,384.9661913844576,346.5985742888609,311.0239570680171,278.98007202014935,245.38556635600898,206.66398648270044,168.3663603215847,132.65321339090235,99.06046658947754,65.36915191910644,31.217493091545833,30.852275151475542,30.515221009278978
Svalbard and Jan Mayen Islands,SJ,SJM,ENW,Rest of World,Primary aluminium ingot production,kt,0.0,0.0,No 2019 primary producer share; assigned zero,0.0,0.0,0.0,0.0,0.0,0.0,0.0,0.0,0.0,0.0,0.0,0.0,0.0,0.0,0.0,0.0,0.0,0.0,0.0,0.0,0.0,0.0,0.0,0.0,0.0,0.0,0.0,0.0,0.0,0.0,0.0,0.0
Switzerland,CH,CHE,ENW,Europe,Primary aluminium ingot production,kt,0.0,0.0,No 2019 primary producer share; assigned zero,0.0,0.0,0.0,0.0,0.0,0.0,0.0,0.0,0.0,0.0,0.0,0.0,0.0,0.0,0.0,0.0,0.0,0.0,0.0,0.0,0.0,0.0,0.0,0.0,0.0,0.0,0.0,0.0,0.0,0.0,0.0,0.0
Liechtenstein,LI,LIE,ENW,Rest of World,Primary aluminium ingot production,kt,0.0,0.0,No 2019 primary producer share; assigned zero,0.0,0.0,0.0,0.0,0.0,0.0,0.0,0.0,0.0,0.0,0.0,0.0,0.0,0.0,0.0,0.0,0.0,0.0,0.0,0.0,0.0,0.0,0.0,0.0,0.0,0.0,0.0,0.0,0.0,0.0,0.0,0.0
Iceland,IS,ISL,ENW,Europe,Primary aluminium ingot production,kt,845.0,0.18230852211434737,2019 primary producer share from INF_Data,845.0,834.2880652112847,823.5761304225693,812.8641956338541,802.1522608451388,791.4403260564235,398.3092600991524,430.1366479468724,409.73349022452607,410.61383317688876,402.84579566327074,391.3569828467865,376.0503695835784,359.29148289517747,341.7955970241222,321.62610726193753,299.69663316164105,276.82931441602585,254.74786076852857,232.35459408561908,209.19699662434817,187.72517408748178,168.38440061216158,148.10771683630543,124.73647755562992,101.62112462267076,80.06568951093749,59.790067334363236,39.454952408317816,18.841986901683022,18.621551787854884,18.418115537743383
United Kingdom of Great Britain and Northern Ireland,GB,GBR,ENW,UK,Primary aluminium ingot production,kt,48.0,1.0,2019 primary producer share from INF_Data,48.0,64.46060766252316,80.92121532504632,97.38182298756945,113.84243065009262,130.30303831261577,159.84983849485502,163.39198285186507,166.36916304382302,168.55033911744096,169.6200107192707,170.37611704447727,170.65388389121395,170.60483919775706,171.03561470908446,171.45506048117764,172.04330907742124,172.8350394037321,173.47946148610802,174.33409512785903,174.9958797305552,175.34787869452015,175.60096371225916,175.6701645837353,175.7539184964767,175.63588653459024,175.3771173778924,175.22118089382963,175.0782136719243,174.82990012985866,174.3128685931479,173.64091031377686
Gibraltar,GI,GIB,ENW,Rest of World,Primary aluminium ingot production,kt,0.0,0.0,No 2019 primary producer share; assigned zero,0.0,0.0,0.0,0.0,0.0,0.0,0.0,0.0,0.0,0.0,0.0,0.0,0.0,0.0,0.0,0.0,0.0,0.0,0.0,0.0,0.0,0.0,0.0,0.0,0.0,0.0,0.0,0.0,0.0,0.0,0.0,0.0
Saint Helena,SH ,SHN,ENW,Rest of World,Primary aluminium ingot production,kt,0.0,0.0,No 2019 primary producer share; assigned zero,0.0,0.0,0.0,0.0,0.0,0.0,0.0,0.0,0.0,0.0,0.0,0.0,0.0,0.0,0.0,0.0,0.0,0.0,0.0,0.0,0.0,0.0,0.0,0.0,0.0,0.0,0.0,0.0,0.0,0.0,0.0,0.0
Liechtenstein,LI,LIE,ENW,Rest of World,Primary aluminium ingot production,kt,0.0,0.0,No 2019 primary producer share; assigned zero,0.0,0.0,0.0,0.0,0.0,0.0,0.0,0.0,0.0,0.0,0.0,0.0,0.0,0.0,0.0,0.0,0.0,0.0,0.0,0.0,0.0,0.0,0.0,0.0,0.0,0.0,0.0,0.0,0.0,0.0,0.0,0.0
Poland,PL,POL,EUE,Europe,Primary aluminium ingot production,kt,0.0,0.0,No 2019 primary producer share; assigned zero,0.0,0.0,0.0,0.0,0.0,0.0,0.0,0.0,0.0,0.0,0.0,0.0,0.0,0.0,0.0,0.0,0.0,0.0,0.0,0.0,0.0,0.0,0.0,0.0,0.0,0.0,0.0,0.0,0.0,0.0,0.0,0.0
Czechia,CZ,CZE,EUE,Europe,Primary aluminium ingot production,kt,0.0,0.0,No 2019 primary producer share; assigned zero,0.0,0.0,0.0,0.0,0.0,0.0,0.0,0.0,0.0,0.0,0.0,0.0,0.0,0.0,0.0,0.0,0.0,0.0,0.0,0.0,0.0,0.0,0.0,0.0,0.0,0.0,0.0,0.0,0.0,0.0,0.0,0.0
Romania,RO,ROU,EUE,Europe,Primary aluminium ingot production,kt,280.0,0.06040992448759439,2019 primary producer share from INF_Data,280.0,276.4504831469346,272.90096629386915,269.3514494408037,265.8019325877383,262.25241573467287,131.9841335239795,142.5304868936382,135.7696772341625,136.06138850831817,133.48736424345066,129.6804203515979,124.60840648923308,119.05516592976295,113.25771262337776,106.57433140040534,99.3077601008988,91.73042371181921,84.41349232566627,76.99323827689153,69.31971485777218,62.204791413603424,55.79601440402987,49.077113271201796,41.33279729654009,33.67327206431694,26.53064267818047,19.81209331789551,13.073830383821289,6.243498618309166,6.170455030295109,6.103044201855796
Hungary,HU,HUN,EUE,Europe,Primary aluminium ingot production,kt,0.0,0.0,No 2019 primary producer share; assigned zero,0.0,0.0,0.0,0.0,0.0,0.0,0.0,0.0,0.0,0.0,0.0,0.0,0.0,0.0,0.0,0.0,0.0,0.0,0.0,0.0,0.0,0.0,0.0,0.0,0.0,0.0,0.0,0.0,0.0,0.0,0.0,0.0
Bulgaria,BG,BGR,EUE,Europe,Primary aluminium ingot production,kt,0.0,0.0,No 2019 primary producer share; assigned zero,0.0,0.0,0.0,0.0,0.0,0.0,0.0,0.0,0.0,0.0,0.0,0.0,0.0,0.0,0.0,0.0,0.0,0.0,0.0,0.0,0.0,0.0,0.0,0.0,0.0,0.0,0.0,0.0,0.0,0.0,0.0,0.0
Slovakia,SK,SVK,EUE,Europe,Primary aluminium ingot production,kt,220.0,0.04746494066882417,2019 primary producer share from INF_Data,220.0,217.21109390116288,214.42218780232577,211.63328170348862,208.8443756046515,206.0554695058144,103.70181919741248,111.9882397021443,106.67617496969909,106.90537668510714,104.88292904842552,101.89175884768405,97.90660509868313,93.54334465909946,88.9882027755111,83.73697467174705,78.02752579356334,72.07390434500081,66.32488682730921,60.49468721755763,54.46549024539243,48.87519325354555,43.83972560316633,38.560588998801414,32.47576930442436,26.457570907677596,20.845504961427512,15.566644749775044,10.27229530157387,4.905606057242917,4.848214666660443,4.79524901574384
Croatia,HR,HRV,EUE,Europe,Primary aluminium ingot production,kt,0.0,0.0,No 2019 primary producer share; assigned zero,0.0,0.0,0.0,0.0,0.0,0.0,0.0,0.0,0.0,0.0,0.0,0.0,0.0,0.0,0.0,0.0,0.0,0.0,0.0,0.0,0.0,0.0,0.0,0.0,0.0,0.0,0.0,0.0,0.0,0.0,0.0,0.0
Lithuania,LT,LTU,EUE,Europe,Primary aluminium ingot production,kt,0.0,0.0,No 2019 primary producer share; assigned zero,0.0,0.0,0.0,0.0,0.0,0.0,0.0,0.0,0.0,0.0,0.0,0.0,0.0,0.0,0.0,0.0,0.0,0.0,0.0,0.0,0.0,0.0,0.0,0.0,0.0,0.0,0.0,0.0,0.0,0.0,0.0,0.0
Slovenia,SI,SVN,EUE,Europe,Primary aluminium ingot production,kt,80.0,0.017259978425026967,2019 primary producer share from INF_Data,80.0,78.9858523276956,77.97170465539118,76.95755698308677,75.94340931078236,74.92926163847795,37.709752435422715,40.72299625532519,38.79133635261785,38.87468243094804,38.13924692670019,37.0515486718851,35.60240185406659,34.01576169421798,32.35934646382221,30.44980897154438,28.37364574311394,26.208692489091202,24.118140664476076,21.998068079111864,19.805632816506336,17.772797546743835,15.94171840115139,14.02203236320051,11.80937065615431,9.620934875519124,7.580183622337277,5.660598090827288,3.735380109663225,1.7838567480883332,1.762987151512888,1.7437269148159416
Estonia,EE,EST,EUE,Europe,Primary aluminium ingot production,kt,0.0,0.0,No 2019 primary producer share; assigned zero,0.0,0.0,0.0,0.0,0.0,0.0,0.0,0.0,0.0,0.0,0.0,0.0,0.0,0.0,0.0,0.0,0.0,0.0,0.0,0.0,0.0,0.0,0.0,0.0,0.0,0.0,0.0,0.0,0.0,0.0,0.0,0.0
Latvia,LV,LVA,EUE,Europe,Primary aluminium ingot production,kt,0.0,0.0,No 2019 primary producer share; assigned zero,0.0,0.0,0.0,0.0,0.0,0.0,0.0,0.0,0.0,0.0,0.0,0.0,0.0,0.0,0.0,0.0,0.0,0.0,0.0,0.0,0.0,0.0,0.0,0.0,0.0,0.0,0.0,0.0,0.0,0.0,0.0,0.0
Germany,DE,DEU,EUW,Europe,Primary aluminium ingot production,kt,550.0,0.1186623516720604,2019 primary producer share from INF_Data,550.0,543.0277347529072,536.0554695058144,529.0832042587216,522.1109390116287,515.138673764536,259.25454799353116,279.97059925536075,266.6904374242477,267.2634417127678,262.2073226210638,254.7293971192101,244.7665127467078,233.85836164774864,222.4705069387777,209.3424366793676,195.06881448390834,180.18476086250203,165.81221706827301,151.23671804389406,136.16372561348106,122.18798313386387,109.59931400791581,96.40147249700352,81.18942326106088,66.14392726919398,52.11376240356878,38.916611874437606,25.680738253934674,12.26401514310729,12.120536666651105,11.988122539359598
Netherlands,NL,NLD,EUW,Europe,Primary aluminium ingot production,kt,150.0,0.032362459546925564,2019 primary producer share from INF_Data,150.0,148.09847311442923,146.19694622885845,144.2954193432877,142.39389245771693,140.49236557214616,70.70578581641759,76.35561797873474,72.73375566115845,72.89002955802758,71.51108798756285,69.47165375978457,66.75450347637485,63.779553176658716,60.673774619666645,57.09339182164571,53.200585768338634,49.141298417046,45.22151374589264,41.24637764833474,37.135561530949374,33.32399540014469,29.890722002158856,26.291310681000958,22.14256998028933,18.03925289159836,14.212844291882393,10.613621420301165,7.003837705618547,3.3447314026656247,3.305600909086665,3.26948796527989
Belgium,BE,BEL,EUW,Europe,Primary aluminium ingot production,kt,0.0,0.0,No 2019 primary producer share; assigned zero,0.0,0.0,0.0,0.0,0.0,0.0,0.0,0.0,0.0,0.0,0.0,0.0,0.0,0.0,0.0,0.0,0.0,0.0,0.0,0.0,0.0,0.0,0.0,0.0,0.0,0.0,0.0,0.0,0.0,0.0,0.0,0.0
Sweden,SE,SWE,EUW,Europe,Primary aluminium ingot production,kt,120.0,0.025889967637540454,2019 primary producer share from INF_Data,120.0,118.4787784915434,116.95755698308677,115.43633547463017,113.91511396617355,112.39389245771694,56.56462865313407,61.0844943829878,58.18700452892678,58.31202364642208,57.208870390050286,55.577323007827665,53.40360278109989,51.02364254132698,48.53901969573332,45.67471345731658,42.56046861467092,39.31303873363681,36.177210996714116,32.9971021186678,29.708449224759505,26.659196320115754,23.912577601727087,21.03304854480077,17.714055984231468,14.431402313278689,11.370275433505917,8.490897136240934,5.603070164494838,2.6757851221325,2.6444807272693325,2.6155903722239127
Austria,AT,AUT,EUW,Europe,Primary aluminium ingot production,kt,0.0,0.0,No 2019 primary producer share; assigned zero,0.0,0.0,0.0,0.0,0.0,0.0,0.0,0.0,0.0,0.0,0.0,0.0,0.0,0.0,0.0,0.0,0.0,0.0,0.0,0.0,0.0,0.0,0.0,0.0,0.0,0.0,0.0,0.0,0.0,0.0,0.0,0.0
Finland,FI,FIN,EUW,Europe,Primary aluminium ingot production,kt,0.0,0.0,No 2019 primary producer share; assigned zero,0.0,0.0,0.0,0.0,0.0,0.0,0.0,0.0,0.0,0.0,0.0,0.0,0.0,0.0,0.0,0.0,0.0,0.0,0.0,0.0,0.0,0.0,0.0,0.0,0.0,0.0,0.0,0.0,0.0,0.0,0.0,0.0
Denmark,DK,DNK,EUW,Europe,Primary aluminium ingot production,kt,0.0,0.0,No 2019 primary producer share; assigned zero,0.0,0.0,0.0,0.0,0.0,0.0,0.0,0.0,0.0,0.0,0.0,0.0,0.0,0.0,0.0,0.0,0.0,0.0,0.0,0.0,0.0,0.0,0.0,0.0,0.0,0.0,0.0,0.0,0.0,0.0,0.0,0.0
Ireland,IE,IRL,EUW,Europe,Primary aluminium ingot production,kt,0.0,0.0,No 2019 primary producer share; assigned zero,0.0,0.0,0.0,0.0,0.0,0.0,0.0,0.0,0.0,0.0,0.0,0.0,0.0,0.0,0.0,0.0,0.0,0.0,0.0,0.0,0.0,0.0,0.0,0.0,0.0,0.0,0.0,0.0,0.0,0.0,0.0,0.0
Luxembourg,LU,LUX,EUW,Europe,Primary aluminium ingot production,kt,0.0,0.0,No 2019 primary producer share; assigned zero,0.0,0.0,0.0,0.0,0.0,0.0,0.0,0.0,0.0,0.0,0.0,0.0,0.0,0.0,0.0,0.0,0.0,0.0,0.0,0.0,0.0,0.0,0.0,0.0,0.0,0.0,0.0,0.0,0.0,0.0,0.0,0.0
Greenland,GL,GRL,EUW,Rest of World,Primary aluminium ingot production,kt,0.0,0.0,No 2019 primary producer share; assigned zero,0.0,0.0,0.0,0.0,0.0,0.0,0.0,0.0,0.0,0.0,0.0,0.0,0.0,0.0,0.0,0.0,0.0,0.0,0.0,0.0,0.0,0.0,0.0,0.0,0.0,0.0,0.0,0.0,0.0,0.0,0.0,0.0
Faroe Islands,FO,FRO,EUW,Rest of World,Primary aluminium ingot production,kt,0.0,0.0,No 2019 primary producer share; assigned zero,0.0,0.0,0.0,0.0,0.0,0.0,0.0,0.0,0.0,0.0,0.0,0.0,0.0,0.0,0.0,0.0,0.0,0.0,0.0,0.0,0.0,0.0,0.0,0.0,0.0,0.0,0.0,0.0,0.0,0.0,0.0,0.0
Andorra,AD,AND,EUW,Rest of World,Primary aluminium ingot production,kt,0.0,0.0,No 2019 primary producer share; assigned zero,0.0,0.0,0.0,0.0,0.0,0.0,0.0,0.0,0.0,0.0,0.0,0.0,0.0,0.0,0.0,0.0,0.0,0.0,0.0,0.0,0.0,0.0,0.0,0.0,0.0,0.0,0.0,0.0,0.0,0.0,0.0,0.0
France,FR,FRA,EUM,Europe,Primary aluminium ingot production,kt,430.0,0.09277238403451996,2019 primary producer share from INF_Data,430.0,424.5489562613638,419.0979125227276,413.6468687840914,408.1958250454552,402.744781306819,202.6899193403971,218.88610487237293,208.50343289532094,208.95141806634575,204.99845223101352,199.15207411138243,191.36290996560794,182.83471910642166,173.9314872430444,163.66772322205105,152.50834586923744,140.87172212886523,129.6350060715589,118.23961592522627,106.45527638872156,95.52878681374811,85.68673640618873,75.36842395220275,63.475367276829424,51.7125249559153,40.74348697006286,30.425714738196675,20.077668089439836,9.588230020974791,9.476055939381775,9.372532167135686
Monaco,MC,MCO,EUM,Rest of World,Primary aluminium ingot production,kt,0.0,0.0,No 2019 primary producer share; assigned zero,0.0,0.0,0.0,0.0,0.0,0.0,0.0,0.0,0.0,0.0,0.0,0.0,0.0,0.0,0.0,0.0,0.0,0.0,0.0,0.0,0.0,0.0,0.0,0.0,0.0,0.0,0.0,0.0,0.0,0.0,0.0,0.0
Italy,IT,ITA,EUM,Europe,Primary aluminium ingot production,kt,0.0,0.0,No 2019 primary producer share; assigned zero,0.0,0.0,0.0,0.0,0.0,0.0,0.0,0.0,0.0,0.0,0.0,0.0,0.0,0.0,0.0,0.0,0.0,0.0,0.0,0.0,0.0,0.0,0.0,0.0,0.0,0.0,0.0,0.0,0.0,0.0,0.0,0.0
San Marino,SM,SMR,EUM,Rest of World,Primary aluminium ingot production,kt,0.0,0.0,No 2019 primary producer share; assigned zero,0.0,0.0,0.0,0.0,0.0,0.0,0.0,0.0,0.0,0.0,0.0,0.0,0.0,0.0,0.0,0.0,0.0,0.0,0.0,0.0,0.0,0.0,0.0,0.0,0.0,0.0,0.0,0.0,0.0,0.0,0.0,0.0
Spain,ES,ESP,EUM,Europe,Primary aluminium ingot production,kt,240.0,0.05177993527508091,2019 primary producer share from INF_Data,240.0,236.9575569830868,233.91511396617355,230.87267094926034,227.8302279323471,224.7877849154339,113.12925730626814,122.1689887659756,116.37400905785356,116.62404729284415,114.41774078010057,111.15464601565533,106.80720556219978,102.04728508265396,97.07803939146665,91.34942691463316,85.12093722934183,78.62607746727362,72.35442199342823,65.9942042373356,59.41689844951901,53.31839264023151,47.82515520345417,42.06609708960154,35.428111968462936,28.862804626557377,22.740550867011834,16.981794272481867,11.206140328989676,5.351570244265,5.288961454538665,5.231180744447825
Greece,GR,GRC,EUM,Europe,Primary aluminium ingot production,kt,180.0,0.038834951456310676,2019 primary producer share from INF_Data,180.0,177.71816773731507,175.43633547463014,173.15450321194524,170.8726709492603,168.59083868657538,84.8469429797011,91.62674157448168,87.28050679339015,87.46803546963311,85.81330558507541,83.36598451174149,80.10540417164982,76.53546381199045,72.80852954359997,68.51207018597485,63.840702922006365,58.9695581004552,54.26581649507117,49.49565317800169,44.56267383713925,39.988794480173624,35.868866402590626,31.54957281720115,26.571083976347197,21.64710346991803,17.05541315025887,12.736345704361398,8.404605246742255,4.0136776831987495,3.9667210909039983,3.9233855583358683
Portugal,PT,PRT,EUM,Europe,Primary aluminium ingot production,kt,0.0,0.0,No 2019 primary producer share; assigned zero,0.0,0.0,0.0,0.0,0.0,0.0,0.0,0.0,0.0,0.0,0.0,0.0,0.0,0.0,0.0,0.0,0.0,0.0,0.0,0.0,0.0,0.0,0.0,0.0,0.0,0.0,0.0,0.0,0.0,0.0,0.0,0.0
Cyprus,CY,CYP,EUM,Europe,Primary aluminium ingot production,kt,0.0,0.0,No 2019 primary producer share; assigned zero,0.0,0.0,0.0,0.0,0.0,0.0,0.0,0.0,0.0,0.0,0.0,0.0,0.0,0.0,0.0,0.0,0.0,0.0,0.0,0.0,0.0,0.0,0.0,0.0,0.0,0.0,0.0,0.0,0.0,0.0,0.0,0.0
Malta,MT,MLT,EUM,Europe,Primary aluminium ingot production,kt,0.0,0.0,No 2019 primary producer share; assigned zero,0.0,0.0,0.0,0.0,0.0,0.0,0.0,0.0,0.0,0.0,0.0,0.0,0.0,0.0,0.0,0.0,0.0,0.0,0.0,0.0,0.0,0.0,0.0,0.0,0.0,0.0,0.0,0.0,0.0,0.0,0.0,0.0
Iran (Islamic Republic of),IR,IRN,MEA,Middle East,Primary aluminium ingot production,kt,360.0,0.058698842328387416,2019 primary producer share from INF_Data,360.0,342.3700393092963,324.74007861859263,307.110117927889,289.4801572371853,271.85019654648164,338.081963596137,328.7325765385789,325.0045157881879,321.6701783134564,318.6515465291745,315.906707507349,314.6223780459727,314.98496039657556,316.02189006481274,318.0271626868091,320.87206171270986,324.3582646913161,328.3114799061119,332.5657641188137,336.97418703689794,341.5535176255817,346.19400913831885,350.6012707988065,354.80876188365744,358.83143715181916,362.5348431481776,365.9723137752505,369.19624709730874,372.08849151591687,374.4632326340943,376.47901564965105
Saudi Arabia,SA,SAU,MEA,Middle East,Primary aluminium ingot production,kt,790.0,0.12881134844285017,2019 primary producer share from INF_Data,790.0,751.3120307065113,712.6240614130228,673.9360921195341,635.2481228260456,596.5601535325569,741.9020867804117,721.3853762929925,713.2043540907458,705.8873357434182,699.2631159945773,693.239719252238,690.4213296008845,691.2169964258186,693.4924809755613,697.8929403404977,704.1359132028911,711.7861919614993,720.4613031273011,729.7970934829524,739.4711326643038,749.5202192339154,759.703520053533,769.3750109196033,778.6081163558039,787.4356537498254,795.5625724640563,803.1059107845775,810.1806533524275,816.5275230488176,821.7387605025959,826.1622843422898
United Arab Emirates,AE,ARE,MEA,Middle East,Primary aluminium ingot production,kt,2600.0,0.423936083482798,2019 primary producer share from INF_Data,2600.0,2472.6725061226957,2345.3450122453914,2218.017518368087,2090.690024490783,1963.3625306134784,2441.7030704165445,2374.1797194452915,2347.254836248024,2323.1735100416295,2301.372280488482,2281.548443108631,2272.272730332025,2274.8913806419346,2282.3803171347586,2296.8628416269544,2317.4093345917936,2342.5874672150608,2371.1384659885857,2401.8638519692104,2433.7024619331514,2466.7754050736457,2500.290065998969,2532.1202891024914,2562.507724715304,2591.560379429805,2618.3072005146155,2643.133377265698,2666.41734014723,2687.3057720593997,2704.4566801351257,2719.0151130252575
Iraq,IQ,IRQ,MEA,Rest of World,Primary aluminium ingot production,kt,0.0,0.0,No 2019 primary producer share; assigned zero,0.0,0.0,0.0,0.0,0.0,0.0,0.0,0.0,0.0,0.0,0.0,0.0,0.0,0.0,0.0,0.0,0.0,0.0,0.0,0.0,0.0,0.0,0.0,0.0,0.0,0.0,0.0,0.0,0.0,0.0,0.0,0.0
Qatar,QA,QAT,MEA,Middle East,Primary aluminium ingot production,kt,627.0,0.10223381705527475,2019 primary producer share from INF_Data,627.0,596.2944851303578,565.5889702607155,534.8834553910733,504.177940521431,473.4724256517888,588.8260865966051,572.5425708046915,566.0495316644273,560.2422272292699,554.9847768716455,550.2041822419661,547.9673084300691,548.5988060240358,550.4047918628822,553.8973083461925,558.8521741496363,564.9239776707088,571.8091608364782,579.2187058402673,586.8967090892638,594.8723765312214,602.9545659159053,610.6305466412547,617.9585936140368,624.9647530394184,631.4148518164092,637.4017798252279,643.0167970278127,648.0541227235552,652.1901301710476,655.7009522564755
Kuwait,KW,KWT,MEA,Rest of World,Primary aluminium ingot production,kt,0.0,0.0,No 2019 primary producer share; assigned zero,0.0,0.0,0.0,0.0,0.0,0.0,0.0,0.0,0.0,0.0,0.0,0.0,0.0,0.0,0.0,0.0,0.0,0.0,0.0,0.0,0.0,0.0,0.0,0.0,0.0,0.0,0.0,0.0,0.0,0.0,0.0,0.0
Oman,OM,OMN,MEA,Middle East,Primary aluminium ingot production,kt,391.0,0.06375346486222078,2019 primary producer share from INF_Data,391.0,371.8519038053746,352.7038076107492,333.55571141612387,314.4076152214985,295.2595190268731,367.19457712802654,357.0401039627343,352.9910157588375,349.36955477933736,346.0909852580756,343.1097850982596,341.71486059993146,342.108665319614,343.2348861537272,345.41283502928434,348.50271147130434,352.2891152619572,356.58274623136043,361.20337158460046,365.9914086984086,370.965070532229,376.00515992522963,380.7919357842593,385.36173860141685,389.73081090655916,393.7531213081595,397.48659635034153,400.9881461529103,404.1294449520097,406.70867766647467,408.8980419972599
Bahrain,BH,BHR,MEA,Middle East,Primary aluminium ingot production,kt,1365.0,0.22256644382846894,2019 primary producer share from INF_Data,1365.0,1298.153065714415,1231.3061314288304,1164.4591971432455,1097.6122628576609,1030.765328572076,1281.8941119686858,1246.444352708778,1232.3087890302124,1219.6660927718553,1208.220447256453,1197.8129326320313,1192.943183424313,1194.3179748370155,1198.2496664957482,1205.852991854151,1216.6399006606914,1229.858420287907,1244.8476946440076,1260.9785222838352,1277.6937925149045,1295.0570876636639,1312.6522846494588,1329.3631517788078,1345.3165554755344,1360.5691992006475,1374.6112802701732,1387.6450230644914,1399.8691035772956,1410.8355303311846,1419.8397570709408,1427.48293433826
Yemen,YE,YEM,MEA,Rest of World,Primary aluminium ingot production,kt,0.0,0.0,No 2019 primary producer share; assigned zero,0.0,0.0,0.0,0.0,0.0,0.0,0.0,0.0,0.0,0.0,0.0,0.0,0.0,0.0,0.0,0.0,0.0,0.0,0.0,0.0,0.0,0.0,0.0,0.0,0.0,0.0,0.0,0.0,0.0,0.0,0.0,0.0
Turkey,TR,TUR,MDA,Europe,Primary aluminium ingot production,kt,80.0,0.017259978425026967,2019 primary producer share from INF_Data,80.0,78.9858523276956,77.97170465539118,76.95755698308677,75.94340931078236,74.92926163847795,37.709752435422715,40.72299625532519,38.79133635261785,38.87468243094804,38.13924692670019,37.0515486718851,35.60240185406659,34.01576169421798,32.35934646382221,30.44980897154438,28.37364574311394,26.208692489091202,24.118140664476076,21.998068079111864,19.805632816506336,17.772797546743835,15.94171840115139,14.02203236320051,11.80937065615431,9.620934875519124,7.580183622337277,5.660598090827288,3.735380109663225,1.7838567480883332,1.762987151512888,1.7437269148159416
Israel,IL,ISR,MDA,Rest of World,Primary aluminium ingot production,kt,0.0,0.0,No 2019 primary producer share; assigned zero,0.0,0.0,0.0,0.0,0.0,0.0,0.0,0.0,0.0,0.0,0.0,0.0,0.0,0.0,0.0,0.0,0.0,0.0,0.0,0.0,0.0,0.0,0.0,0.0,0.0,0.0,0.0,0.0,0.0,0.0,0.0,0.0
Syrian Arab Republic,SY,SYR,MDA,Rest of World,Primary aluminium ingot production,kt,0.0,0.0,No 2019 primary producer share; assigned zero,0.0,0.0,0.0,0.0,0.0,0.0,0.0,0.0,0.0,0.0,0.0,0.0,0.0,0.0,0.0,0.0,0.0,0.0,0.0,0.0,0.0,0.0,0.0,0.0,0.0,0.0,0.0,0.0,0.0,0.0,0.0,0.0
Jordan,JO,JOR,MDA,Rest of World,Primary aluminium ingot production,kt,0.0,0.0,No 2019 primary producer share; assigned zero,0.0,0.0,0.0,0.0,0.0,0.0,0.0,0.0,0.0,0.0,0.0,0.0,0.0,0.0,0.0,0.0,0.0,0.0,0.0,0.0,0.0,0.0,0.0,0.0,0.0,0.0,0.0,0.0,0.0,0.0,0.0,0.0
Lebanon,LB,LBN,MDA,Rest of World,Primary aluminium ingot production,kt,0.0,0.0,No 2019 primary producer share; assigned zero,0.0,0.0,0.0,0.0,0.0,0.0,0.0,0.0,0.0,0.0,0.0,0.0,0.0,0.0,0.0,0.0,0.0,0.0,0.0,0.0,0.0,0.0,0.0,0.0,0.0,0.0,0.0,0.0,0.0,0.0,0.0,0.0
State of Palestine,PS,PSE,MDA,Rest of World,Primary aluminium ingot production,kt,0.0,0.0,No 2019 primary producer share; assigned zero,0.0,0.0,0.0,0.0,0.0,0.0,0.0,0.0,0.0,0.0,0.0,0.0,0.0,0.0,0.0,0.0,0.0,0.0,0.0,0.0,0.0,0.0,0.0,0.0,0.0,0.0,0.0,0.0,0.0,0.0,0.0,0.0
