Year,AFR,AUS,CAN,CHI,CSA,EEU,FSU,IND,JPN,MEA,MEX,ODA,SKO,UK,USA,WEU
2019,1.0,1.0,1.0,1.0,1.0,1.0,1.0,1.0,1.0,1.0,1.0,1.0,1.0,1.0,1.0,1.0
2023,1.364164031907503,0.7584340155979704,0.9328333765300826,1.323780850984862,1.098112897699631,1.5188116979762454,1.211627243904669,1.1512305592098533,1.3167658648355538,1.124498105918395,58.79058829726203,2.262874730890887,0.5583296298655901,0.4642005420980379,1.293923436263381,1.1476139884301282
2025,1.49286834842731,0.6515242548878709,0.8819673568056521,1.423371152838769,1.1106124820227206,1.9859534925975173,1.2744693850315993,1.2357668172001184,1.5073859815620623,1.1261027724520125,87.68588244589307,2.91847268071972,0.3374944447983849,0.2047969693279387,1.4710739978891212,1.3054706674626828
2030,1.6854276967681983,0.5890912547621379,0.8550953577199868,1.331587495802706,1.1927503567637832,2.0191408375016713,1.237607834801951,1.6208251315569984,1.0172184376518367,1.089066375465321,104.22469337004327,3.973340826067257,0.4753853853122472,0.21807754644456542,1.4894174052149145,1.3134115861755404
2035,1.873247479265207,0.5764931953084808,0.7651156499125372,1.266239282163659,1.2397375117054577,2.0845248469029727,1.2464441756652926,1.9975771923966497,0.762365535212292,1.106442896763541,118.51432002011742,5.103766824237688,0.6324186653192092,0.21826926592568557,1.534964162402444,1.2985749112235496
2040,2.0772309439537207,0.5828883900307115,0.6493478174691746,1.2094567413333797,1.241449789072825,2.0678000103224132,1.2865662896282666,2.301043983916706,0.6926958262744262,1.158511765413242,128.45231738021135,6.1130002843909255,0.7811091620117696,0.21779580098265997,1.5596745473205045,1.2248540493932434
2045,2.2855256891801115,0.5965419093721904,0.5319845127880026,1.1191695974798848,1.2149000440770183,1.943946758251839,1.3374728592840763,2.512128454211729,0.7187965579750214,1.2009597945738504,135.97868908524097,6.9936606233483385,0.9247270842574244,0.21088484274413274,1.545549987855053,1.0903685346391088
2050,2.488301936386836,0.6111690932788307,0.4289573718206941,0.9943086488437402,1.170617812928445,1.759523908723114,1.3905352195486185,2.6127339004673855,0.7102079001220981,1.213936607763692,143.0330836849422,7.7181177408372985,1.0617289554871767,0.2013629250639353,1.5047285386349785,0.9557366498228985
2060,2.488301936386836,0.6111690932788307,0.4289573718206941,0.9943086488437402,1.170617812928445,1.759523908723114,1.3905352195486185,2.6127339004673855,0.7102079001220981,1.213936607763692,143.0330836849422,7.7181177408372985,1.0617289554871767,0.2013629250639353,1.5047285386349785,0.9557366498228985
2070,2.488301936386836,0.6111690932788307,0.4289573718206941,0.9943086488437402,1.170617812928445,1.759523908723114,1.3905352195486185,2.6127339004673855,0.7102079001220981,1.213936607763692,143.0330836849422,7.7181177408372985,1.0617289554871767,0.2013629250639353,1.5047285386349785,0.9557366498228985
2080,2.488301936386836,0.6111690932788307,0.4289573718206941,0.9943086488437402,1.170617812928445,1.759523908723114,1.3905352195486185,2.6127339004673855,0.7102079001220981,1.213936607763692,143.0330836849422,7.7181177408372985,1.0617289554871767,0.2013629250639353,1.5047285386349785,0.9557366498228985
2090,2.488301936386836,0.6111690932788307,0.4289573718206941,0.9943086488437402,1.170617812928445,1.759523908723114,1.3905352195486185,2.6127339004673855,0.7102079001220981,1.213936607763692,143.0330836849422,7.7181177408372985,1.0617289554871767,0.2013629250639353,1.5047285386349785,0.9557366498228985
2100,2.488301936386836,0.6111690932788307,0.4289573718206941,0.9943086488437402,1.170617812928445,1.759523908723114,1.3905352195486185,2.6127339004673855,0.7102079001220981,1.213936607763692,143.0330836849422,7.7181177408372985,1.0617289554871767,0.2013629250639353,1.5047285386349785,0.9557366498228985
