TIAMRegion,2019,2020,2021,2022,2023,2024,2025,2026,2027,2028,2029,2030,2031,2032,2033,2034,2035,2036,2037,2038,2039,2040,2041,2042,2043,2044,2045,2046,2047,2048,2049,2050
AFR,428.92584003409394,730.2918590755642,1031.6578781170344,1333.0238971585045,1634.389916199975,1935.755935241445,2237.1219542829153,2394.1316795176112,2546.5574439225325,2692.5664780147467,2836.6639069318103,2979.9812383430985,3122.777978655197,3264.3486153270596,3402.6417506959347,3535.436735516445,3661.0250687193884,3778.983861574684,3890.6840970457783,3999.640870648402,4110.717373749827,4228.48325442886,4356.054570506693,4495.346712942453,4647.312961837956,4811.000808465018,4984.255865163904,5165.016682263096,5350.5139844223495,5538.5185910356395,5727.615465621883,5916.245872909032
AUS,1262.559930252216,1027.627782589602,792.695634926988,557.7634872643741,322.83133960176013,87.89919193914616,38.24490718521093,38.69481070850765,39.13096882509824,39.44665906075775,39.72087146159829,39.97481562777862,40.235202062363605,40.53032833390858,40.863259521467725,41.23285875015427,41.62967060165644,42.03129080415141,42.41901258182892,42.79200548799382,43.154714449805496,43.51555263286188,43.88552519428468,44.26254146408342,44.64994807704805,45.05535251601731,45.47768038833853,45.9128447576264,46.34715321881795,46.77256950121138,47.190034941180464,47.614080680262745
CAN,2112.3705062658805,1846.6100107960908,1580.8495153263011,1315.0890198565116,1049.328524386722,783.5680289169323,517.8075334471429,520.7257715566429,524.2447350408323,528.5202216203785,533.1049834723812,537.8838270956963,542.9741402355135,548.1297703302163,553.2169437459227,558.2091145896818,562.8833166037068,567.1225115535507,571.0006304039505,574.346154029024,576.9031910603787,578.7373891443178,580.0114635770466,580.7593959591072,580.796481805634,580.1282192580634,579.0782066752168,577.5576127470885,575.7658982831463,573.7920246168374,571.5494294742593,569.2897093235109
CHI,14110.471051884537,15628.400099374488,17146.32914686444,18664.25819435439,20182.18724184434,21700.11628933429,23218.045336824245,24857.831554334258,26522.01809092736,28174.88669913018,29792.84517976103,31332.19628618538,32744.96841807648,33996.1434787091,35070.8033260597,35973.643380967645,36723.49276761493,37340.32391153311,37841.72692318918,38236.24247277793,38516.81550751682,38676.13232668107,38711.63019291456,38624.074023986,38424.127356782985,38124.68836794298,37741.49742626418,37296.25253703031,36814.769652553055,36314.2376327508,35807.08029632646,35306.72449677568
CSA,1742.5583456824486,1666.506213665991,1590.4540816495335,1514.401949633076,1438.349817616618,1362.2976856001605,1286.2455535837032,1336.538921166788,1384.2740739235956,1429.9604015768991,1474.2478809626475,1517.5701096991645,1559.8316047234416,1600.723487156537,1639.7104334941298,1676.3732231195597,1710.1603837901635,1740.7520741182793,1768.4053171576156,1793.627551448869,1816.9452034765866,1839.0056014569052,1860.3234820490845,1881.3326005202914,1902.3567427299645,1923.404979741721,1944.4002891458395,1965.1257456970716,1985.390853828972,2004.8398323621454,2023.188686978543,2040.5601406776525
EEU,396.0035733865004,568.1497719795874,740.2959705726744,912.4421691657614,1084.5883677588483,1256.7345663519352,1428.8807649450223,1437.960581323095,1448.3174518746675,1463.0210298067514,1480.4945142969493,1500.5496645053647,1522.4413048384474,1545.2748606613206,1567.894105552714,1588.914647004309,1607.25969971332,1622.1453811622482,1633.1815190866585,1640.0590452731035,1642.6654983016815,1641.2560686059824,1636.134932574118,1627.4408016713182,1615.3833121928205,1600.662850223977,1584.0299373492712,1566.1839514918408,1547.7050129377628,1529.147409374475,1511.0438424013362,1493.8492145727182
FSU,500.46029669084527,737.3953121215072,974.3303275521694,1211.2653429828313,1448.2003584134934,1685.1353738441553,1922.0703892748174,2012.991078537643,2101.2452898688416,2183.774442073722,2264.488029298077,2344.394935330105,2424.1565453764424,2503.9610912338494,2582.796687799808,2659.480278493709,2732.93275875926,2802.492107735592,2868.506696066981,2932.7974327341412,2997.9936796950924,3066.649478515772,3140.610133164447,3220.835620817302,3307.89007016561,3401.425367519807,3500.294319464968,3603.3390125808987,3708.8425040817956,3815.4814762315928,3922.534852416985,4029.4739386914134
IND,1159.674144527622,1306.9801343477016,1454.286124167781,1601.5921139878603,1748.89810380794,1896.20409362802,2043.510083448099,2197.1306794885486,2355.95699054804,2520.5478071533757,2690.560575444578,2865.501766133834,3043.780120572296,3223.2938227443888,3402.3004292626656,3579.329067858296,3753.410561491712,3924.283638576384,4091.970113769198,4257.15594025384,4420.879525034223,4583.677208776981,4746.442713767227,4909.305719042244,5071.763699363983,5233.7204988214535,5394.662253482414,5553.500338783462,5709.067812162088,5860.979909462937,6009.116303744633,6153.178708502133
JPN,1996.2524020417072,1978.9854429434592,1961.7184838452115,1944.451524746963,1927.184565648715,1909.917606550467,1892.650647452219,1818.168626138476,1752.2775757612312,1694.3400296879383,1643.3828904363504,1598.3583766769398,1558.6248920121725,1524.1038821419338,1494.652244336627,1469.9389123445724,1449.8493906650046,1434.941680187971,1424.812184407821,1419.1008902254875,1417.1357206504674,1417.9952311030056,1420.7725646296085,1425.4783616558025,1431.1451053023234,1436.0315232931048,1439.339189902769,1440.5742295892128,1439.3583233272775,1434.997895667006,1426.89629871476,1415.017523168542
MEA,1668.073795170803,1631.6434910286057,1595.2131868864085,1558.7828827442115,1522.352578602014,1485.9222744598173,1486.4027609689892,1517.4500754999863,1545.2944604746142,1570.8023991749656,1594.0279238097473,1615.944545387172,1639.046308810564,1664.8798580011048,1693.3300718841665,1725.0714252517068,1759.969560376879,1797.3587006148832,1836.310555529466,1875.691913996951,1914.3831339406406,1951.6349140417174,1986.7387698650125,2018.8981546127698,2047.8745056356092,2073.7699572902548,2096.6716871884046,2116.9370193037053,2134.952549189352,2150.926638492391,2164.9585926720583,2177.4807742185167
MEX,12.18572269708006,168.58149217382626,324.9772616505725,481.37303112731865,637.768800604065,794.1645700808111,950.5603395575574,987.7281108544704,1023.0053119199432,1056.7683916104932,1089.4976953781704,1121.513660248516,1152.7457223913627,1182.9656143415832,1211.7777216765478,1238.8722322529902,1263.8415974183367,1286.4494482015048,1306.8857296099045,1325.5254485387627,1342.7576443410314,1359.0607050874974,1374.8150311241477,1390.3411759820672,1405.878423673266,1421.4334778891882,1436.9494175794675,1452.2659307926212,1467.2422376209392,1481.6154088921885,1495.1755673129965,1508.0134075533977
ODA,275.3183220820973,704.5674914617285,1133.8166608413596,1563.0658302209906,1992.314999600622,2421.564168980253,2850.8133383598843,3065.1228481519515,3286.694627864871,3516.3082222144067,3753.485748991391,3997.5387066376643,4246.247198409061,4496.679070860139,4746.403515897263,4993.368582655609,5236.222213783463,5474.599920487816,5708.532135461577,5938.975802593292,6167.379558990938,6394.49163053249,6621.558810875504,6848.762009687215,7075.400175544831,7301.339165457899,7525.862109877304,7747.450315330009,7964.475830258913,8176.4018866807855,8383.060621636581,8584.035908406833
SKO,1668.5958914066505,1535.651264215346,1402.7066370240414,1269.7620098327368,1136.8173826414322,1003.8727554501278,870.9281282588232,936.400033318259,1004.0905736927368,1074.237901565375,1146.6960231412252,1221.2546000704265,1297.2354502740932,1373.7427960884816,1450.0340216731709,1525.482252689554,1599.674433409714,1672.4992119124322,1743.9658854350669,1814.3668018975911,1884.1445223011056,1953.5276308726632,2022.8970251097912,2092.3079732111296,2161.546302822687,2230.5710330419183,2299.1631590514207,2366.858717516215,2433.1603665782964,2497.9041227426205,2561.038703601196,2622.436981761981
UK,282.2269979362274,298.4501538516955,314.67330976716363,330.8964656826317,347.1196215980998,363.3427775135679,379.565933429036,393.1876159729729,404.6897789034151,413.8966340438146,420.6000971013063,425.9758537664604,430.0108316722236,433.07050548974064,436.3322048454356,439.3216614930738,442.3373066249846,445.4499875895331,448.2005556607914,450.98667732568526,453.2547792741434,454.8020393558066,455.8568527627762,456.3085473774044,456.4233669691808,455.9685340985924,455.06073145645496,454.0574219521636,452.905738056407,451.50265359153633,449.6678577202072,447.54840431551577
USA,4780.627987864888,5078.211236559003,5375.794485253116,5673.377733947231,5970.960982641345,6268.544231335459,6566.127480029572,6603.132587538334,6647.755273270493,6701.971150999359,6760.10883506397,6820.707598911458,6885.255993498925,6950.632648443153,7015.141229340336,7078.445117454886,7137.716959421303,7191.472636300064,7240.649639548569,7283.07299801816,7315.49784708758,7338.756640490205,7354.912711238445,7364.396967549585,7364.867239572046,7356.393247221515,7343.078422640445,7323.796328556217,7301.07625436236,7276.046286111076,7247.608759344645,7218.954076628408
WEU,7758.736678572544,7707.471274632066,7656.205870691587,7604.940466751107,7553.675062810628,7502.4096588701495,7451.14425492967,7498.492517500689,7552.5001984791415,7629.174531931852,7720.293019049109,7824.874045628283,7939.03176550291,8058.101265536221,8176.053204395051,8285.668429482492,8381.331858827058,8458.955802356846,8516.5056397607,8552.369681736402,8565.961478887075,8558.611765574753,8531.906721837946,8486.569682445093,8423.693831876808,8346.931453713449,8260.196271709736,8167.135312210946,8070.7737121234,7974.00189982934,7879.5977393458525,7789.933398202742
