Country,ISO2,ISO3,OMNIARegion,ZijieRegion,Metric,Unit,CalculationMethod,2019,2020,2021,2022,2023,2024,2025,2026,2027,2028,2029,2030,2031,2032,2033,2034,2035,2036,2037,2038,2039,2040,2041,2042,2043,2044,2045,2046,2047,2048,2049,2050
Ethiopia,ET,ETH,AFE,Rest of World,Primary and secondary aluminium ingot production,kt,Country-level primary production plus secondary production,0.0,0.0,0.0,0.0,0.0,0.0,0.0,0.0,0.0,0.0,0.0,0.0,0.0,0.0,0.0,0.0,0.0,0.0,0.0,0.0,0.0,0.0,0.0,0.0,0.0,0.0,0.0,0.0,0.0,0.0,0.0,0.0
Kenya,KE,KEN,AFE,Rest of World,Primary and secondary aluminium ingot production,kt,Country-level primary production plus secondary production,0.0,0.0,0.0,0.0,0.0,0.0,0.0,0.0,0.0,0.0,0.0,0.0,0.0,0.0,0.0,0.0,0.0,0.0,0.0,0.0,0.0,0.0,0.0,0.0,0.0,0.0,0.0,0.0,0.0,0.0,0.0,0.0
Sudan,SD,SDN,AFE,Rest of World,Primary and secondary aluminium ingot production,kt,Country-level primary production plus secondary production,0.0,0.0,0.0,0.0,0.0,0.0,0.0,0.0,0.0,0.0,0.0,0.0,0.0,0.0,0.0,0.0,0.0,0.0,0.0,0.0,0.0,0.0,0.0,0.0,0.0,0.0,0.0,0.0,0.0,0.0,0.0,0.0
Mauritius,MU,MUS,AFE,Rest of World,Primary and secondary aluminium ingot production,kt,Country-level primary production plus secondary production,0.0,0.0,0.0,0.0,0.0,0.0,0.0,0.0,0.0,0.0,0.0,0.0,0.0,0.0,0.0,0.0,0.0,0.0,0.0,0.0,0.0,0.0,0.0,0.0,0.0,0.0,0.0,0.0,0.0,0.0,0.0,0.0
Eritrea,ER,ERI,AFE,Rest of World,Primary and secondary aluminium ingot production,kt,Country-level primary production plus secondary production,0.0,0.0,0.0,0.0,0.0,0.0,0.0,0.0,0.0,0.0,0.0,0.0,0.0,0.0,0.0,0.0,0.0,0.0,0.0,0.0,0.0,0.0,0.0,0.0,0.0,0.0,0.0,0.0,0.0,0.0,0.0,0.0
South Sudan,SS,SSD,AFE,Rest of World,Primary and secondary aluminium ingot production,kt,Country-level primary production plus secondary production,0.0,0.0,0.0,0.0,0.0,0.0,0.0,0.0,0.0,0.0,0.0,0.0,0.0,0.0,0.0,0.0,0.0,0.0,0.0,0.0,0.0,0.0,0.0,0.0,0.0,0.0,0.0,0.0,0.0,0.0,0.0,0.0
Burundi,BI,BDI,AFE,Rest of World,Primary and secondary aluminium ingot production,kt,Country-level primary production plus secondary production,0.0,0.0,0.0,0.0,0.0,0.0,0.0,0.0,0.0,0.0,0.0,0.0,0.0,0.0,0.0,0.0,0.0,0.0,0.0,0.0,0.0,0.0,0.0,0.0,0.0,0.0,0.0,0.0,0.0,0.0,0.0,0.0
Comoros,KM,COM,AFE,Rest of World,Primary and secondary aluminium ingot production,kt,Country-level primary production plus secondary production,0.0,0.0,0.0,0.0,0.0,0.0,0.0,0.0,0.0,0.0,0.0,0.0,0.0,0.0,0.0,0.0,0.0,0.0,0.0,0.0,0.0,0.0,0.0,0.0,0.0,0.0,0.0,0.0,0.0,0.0,0.0,0.0
Djibouti,DJ,DJI,AFE,Rest of World,Primary and secondary aluminium ingot production,kt,Country-level primary production plus secondary production,0.0,0.0,0.0,0.0,0.0,0.0,0.0,0.0,0.0,0.0,0.0,0.0,0.0,0.0,0.0,0.0,0.0,0.0,0.0,0.0,0.0,0.0,0.0,0.0,0.0,0.0,0.0,0.0,0.0,0.0,0.0,0.0
Madagascar,MG,MDG,AFE,Rest of World,Primary and secondary aluminium ingot production,kt,Country-level primary production plus secondary production,0.0,0.0,0.0,0.0,0.0,0.0,0.0,0.0,0.0,0.0,0.0,0.0,0.0,0.0,0.0,0.0,0.0,0.0,0.0,0.0,0.0,0.0,0.0,0.0,0.0,0.0,0.0,0.0,0.0,0.0,0.0,0.0
Reunion,RE,REU,AFE,Rest of World,Primary and secondary aluminium ingot production,kt,Country-level primary production plus secondary production,0.0,0.0,0.0,0.0,0.0,0.0,0.0,0.0,0.0,0.0,0.0,0.0,0.0,0.0,0.0,0.0,0.0,0.0,0.0,0.0,0.0,0.0,0.0,0.0,0.0,0.0,0.0,0.0,0.0,0.0,0.0,0.0
Rwanda,RW,RWA,AFE,Rest of World,Primary and secondary aluminium ingot production,kt,Country-level primary production plus secondary production,0.0,0.0,0.0,0.0,0.0,0.0,0.0,0.0,0.0,0.0,0.0,0.0,0.0,0.0,0.0,0.0,0.0,0.0,0.0,0.0,0.0,0.0,0.0,0.0,0.0,0.0,0.0,0.0,0.0,0.0,0.0,0.0
Somalia,SO,SOM,AFE,Rest of World,Primary and secondary aluminium ingot production,kt,Country-level primary production plus secondary production,0.0,0.0,0.0,0.0,0.0,0.0,0.0,0.0,0.0,0.0,0.0,0.0,0.0,0.0,0.0,0.0,0.0,0.0,0.0,0.0,0.0,0.0,0.0,0.0,0.0,0.0,0.0,0.0,0.0,0.0,0.0,0.0
Uganda,UG,UGA,AFE,Rest of World,Primary and secondary aluminium ingot production,kt,Country-level primary production plus secondary production,0.0,0.0,0.0,0.0,0.0,0.0,0.0,0.0,0.0,0.0,0.0,0.0,0.0,0.0,0.0,0.0,0.0,0.0,0.0,0.0,0.0,0.0,0.0,0.0,0.0,0.0,0.0,0.0,0.0,0.0,0.0,0.0
Seychelles,SC,SYC,AFE,Rest of World,Primary and secondary aluminium ingot production,kt,Country-level primary production plus secondary production,0.0,0.0,0.0,0.0,0.0,0.0,0.0,0.0,0.0,0.0,0.0,0.0,0.0,0.0,0.0,0.0,0.0,0.0,0.0,0.0,0.0,0.0,0.0,0.0,0.0,0.0,0.0,0.0,0.0,0.0,0.0,0.0
United Republic of Tanzania,TZ,TZA,AFE,Other main producer,Primary and secondary aluminium ingot production,kt,Country-level primary production plus secondary production,0.0,0.0,0.0,0.0,0.0,0.0,0.0,0.0,0.0,0.0,0.0,0.0,0.0,0.0,0.0,0.0,0.0,0.0,0.0,0.0,0.0,0.0,0.0,0.0,0.0,0.0,0.0,0.0,0.0,0.0,0.0,0.0
Egypt,EG,EGY,AFN,Other main producer,Primary and secondary aluminium ingot production,kt,Country-level primary production plus secondary production,340.0,347.34694215193196,378.6938843038639,418.0408264557958,507.3877686077278,541.7347107596597,567.5238292810875,594.9034470253696,596.9299188120767,598.0062283232867,599.1252457706254,600.8195734371566,603.4175207422525,607.4305146041926,612.9168257944727,619.9003011855848,628.3368531893566,637.860825545043,648.0620116320256,658.8490163609117,670.1873987312999,682.0544369312897,694.4888697784602,707.2638200897331,720.3114883503176,733.7894496029533,747.7163424553061,762.0239660031181,776.4105354637031,790.680250713048,804.8932791754631,819.4746948835179
Algeria,DZ,DZA,AFN,Rest of World,Primary and secondary aluminium ingot production,kt,Country-level primary production plus secondary production,0.0,0.0,0.0,0.0,0.0,0.0,0.0,0.0,0.0,0.0,0.0,0.0,0.0,0.0,0.0,0.0,0.0,0.0,0.0,0.0,0.0,0.0,0.0,0.0,0.0,0.0,0.0,0.0,0.0,0.0,0.0,0.0
Morocco,MA,MAR,AFN,Rest of World,Primary and secondary aluminium ingot production,kt,Country-level primary production plus secondary production,0.0,0.0,0.0,0.0,0.0,0.0,0.0,0.0,0.0,0.0,0.0,0.0,0.0,0.0,0.0,0.0,0.0,0.0,0.0,0.0,0.0,0.0,0.0,0.0,0.0,0.0,0.0,0.0,0.0,0.0,0.0,0.0
Libya,LY,LBY,AFN,Rest of World,Primary and secondary aluminium ingot production,kt,Country-level primary production plus secondary production,0.0,0.0,0.0,0.0,0.0,0.0,0.0,0.0,0.0,0.0,0.0,0.0,0.0,0.0,0.0,0.0,0.0,0.0,0.0,0.0,0.0,0.0,0.0,0.0,0.0,0.0,0.0,0.0,0.0,0.0,0.0,0.0
Tunisia,TN,TUN,AFN,Rest of World,Primary and secondary aluminium ingot production,kt,Country-level primary production plus secondary production,0.0,0.0,0.0,0.0,0.0,0.0,0.0,0.0,0.0,0.0,0.0,0.0,0.0,0.0,0.0,0.0,0.0,0.0,0.0,0.0,0.0,0.0,0.0,0.0,0.0,0.0,0.0,0.0,0.0,0.0,0.0,0.0
Democratic Republic of the Congo,CD,COD,AFW,Rest of World,Primary and secondary aluminium ingot production,kt,Country-level primary production plus secondary production,0.0,0.0,0.0,0.0,0.0,0.0,0.0,0.0,0.0,0.0,0.0,0.0,0.0,0.0,0.0,0.0,0.0,0.0,0.0,0.0,0.0,0.0,0.0,0.0,0.0,0.0,0.0,0.0,0.0,0.0,0.0,0.0
Cote d'Ivoire,CI,CIV,AFW,Rest of World,Primary and secondary aluminium ingot production,kt,Country-level primary production plus secondary production,0.0,0.0,0.0,0.0,0.0,0.0,0.0,0.0,0.0,0.0,0.0,0.0,0.0,0.0,0.0,0.0,0.0,0.0,0.0,0.0,0.0,0.0,0.0,0.0,0.0,0.0,0.0,0.0,0.0,0.0,0.0,0.0
Ghana,GH,GHA,AFW,Rest of World,Primary and secondary aluminium ingot production,kt,Country-level primary production plus secondary production,45.75,56.18479138146899,72.72658276293797,103.94837414440696,111.53916552587596,113.17795690734495,130.761120009269,140.15132043676823,149.6740441851735,159.343366662633,169.3710728840893,179.7514768125364,190.49416006401822,201.58645618972287,212.97390213203698,224.53499763025656,236.10504878919943,247.58083633579136,258.87627469157883,270.0096043590347,281.17538904526225,292.4974720632127,303.91813542859285,315.53576009658457,327.4904623312629,339.62127758276665,351.73164620894926,363.8158248216272,375.74785634078444,387.47196370398535,398.9983659188662,410.0589705031364
Cameroon,CM,CMR,AFW,Other main producer,Primary and secondary aluminium ingot production,kt,Country-level primary production plus secondary production,76.25,67.8836735537983,53.4173471075966,68.8510206613949,68.1846942151932,34.518367768991496,33.18071753317531,32.777135573008835,32.48332300662931,32.099054818184065,31.780364957783515,31.528793909237596,31.358426719221534,31.295354455263826,31.321418519489395,31.430929719702178,31.616782708028722,31.849755364750997,32.106735232852444,32.393789821521864,32.71197012198455,33.05974635927808,33.43853017168192,33.82319996035983,34.211406322527075,34.618910224472344,35.04558052370646,35.48729873963395,35.918566505687984,36.32811202754414,36.724257927512845,37.14348271615241
Gabon,GA,GAB,AFW,Rest of World,Primary and secondary aluminium ingot production,kt,Country-level primary production plus secondary production,0.0,0.0,0.0,0.0,0.0,0.0,0.0,0.0,0.0,0.0,0.0,0.0,0.0,0.0,0.0,0.0,0.0,0.0,0.0,0.0,0.0,0.0,0.0,0.0,0.0,0.0,0.0,0.0,0.0,0.0,0.0,0.0
Benin,BJ,BEN,AFW,Rest of World,Primary and secondary aluminium ingot production,kt,Country-level primary production plus secondary production,0.0,0.0,0.0,0.0,0.0,0.0,0.0,0.0,0.0,0.0,0.0,0.0,0.0,0.0,0.0,0.0,0.0,0.0,0.0,0.0,0.0,0.0,0.0,0.0,0.0,0.0,0.0,0.0,0.0,0.0,0.0,0.0
Senegal,SN,SEN,AFW,Rest of World,Primary and secondary aluminium ingot production,kt,Country-level primary production plus secondary production,0.0,0.0,0.0,0.0,0.0,0.0,0.0,0.0,0.0,0.0,0.0,0.0,0.0,0.0,0.0,0.0,0.0,0.0,0.0,0.0,0.0,0.0,0.0,0.0,0.0,0.0,0.0,0.0,0.0,0.0,0.0,0.0
Togo,TG,TGO,AFW,Rest of World,Primary and secondary aluminium ingot production,kt,Country-level primary production plus secondary production,0.0,0.0,0.0,0.0,0.0,0.0,0.0,0.0,0.0,0.0,0.0,0.0,0.0,0.0,0.0,0.0,0.0,0.0,0.0,0.0,0.0,0.0,0.0,0.0,0.0,0.0,0.0,0.0,0.0,0.0,0.0,0.0
Niger,NE,NER,AFW,Rest of World,Primary and secondary aluminium ingot production,kt,Country-level primary production plus secondary production,0.0,0.0,0.0,0.0,0.0,0.0,0.0,0.0,0.0,0.0,0.0,0.0,0.0,0.0,0.0,0.0,0.0,0.0,0.0,0.0,0.0,0.0,0.0,0.0,0.0,0.0,0.0,0.0,0.0,0.0,0.0,0.0
Congo,CG,COG,AFW,Rest of World,Primary and secondary aluminium ingot production,kt,Country-level primary production plus secondary production,0.0,0.0,0.0,0.0,0.0,0.0,0.0,0.0,0.0,0.0,0.0,0.0,0.0,0.0,0.0,0.0,0.0,0.0,0.0,0.0,0.0,0.0,0.0,0.0,0.0,0.0,0.0,0.0,0.0,0.0,0.0,0.0
Burkina Faso,BF,BFA,AFW,Rest of World,Primary and secondary aluminium ingot production,kt,Country-level primary production plus secondary production,0.0,0.0,0.0,0.0,0.0,0.0,0.0,0.0,0.0,0.0,0.0,0.0,0.0,0.0,0.0,0.0,0.0,0.0,0.0,0.0,0.0,0.0,0.0,0.0,0.0,0.0,0.0,0.0,0.0,0.0,0.0,0.0
Cabo Verde,CV,CPV,AFW,Rest of World,Primary and secondary aluminium ingot production,kt,Country-level primary production plus secondary production,0.0,0.0,0.0,0.0,0.0,0.0,0.0,0.0,0.0,0.0,0.0,0.0,0.0,0.0,0.0,0.0,0.0,0.0,0.0,0.0,0.0,0.0,0.0,0.0,0.0,0.0,0.0,0.0,0.0,0.0,0.0,0.0
Central African Republic,CF,CAF,AFW,Rest of World,Primary and secondary aluminium ingot production,kt,Country-level primary production plus secondary production,0.0,0.0,0.0,0.0,0.0,0.0,0.0,0.0,0.0,0.0,0.0,0.0,0.0,0.0,0.0,0.0,0.0,0.0,0.0,0.0,0.0,0.0,0.0,0.0,0.0,0.0,0.0,0.0,0.0,0.0,0.0,0.0
Chad,TD,TCD,AFW,Rest of World,Primary and secondary aluminium ingot production,kt,Country-level primary production plus secondary production,0.0,0.0,0.0,0.0,0.0,0.0,0.0,0.0,0.0,0.0,0.0,0.0,0.0,0.0,0.0,0.0,0.0,0.0,0.0,0.0,0.0,0.0,0.0,0.0,0.0,0.0,0.0,0.0,0.0,0.0,0.0,0.0
Equatorial Guinea,GQ,GNQ,AFW,Rest of World,Primary and secondary aluminium ingot production,kt,Country-level primary production plus secondary production,0.0,0.0,0.0,0.0,0.0,0.0,0.0,0.0,0.0,0.0,0.0,0.0,0.0,0.0,0.0,0.0,0.0,0.0,0.0,0.0,0.0,0.0,0.0,0.0,0.0,0.0,0.0,0.0,0.0,0.0,0.0,0.0
Gambia,GM,GMB,AFW,Rest of World,Primary and secondary aluminium ingot production,kt,Country-level primary production plus secondary production,0.0,0.0,0.0,0.0,0.0,0.0,0.0,0.0,0.0,0.0,0.0,0.0,0.0,0.0,0.0,0.0,0.0,0.0,0.0,0.0,0.0,0.0,0.0,0.0,0.0,0.0,0.0,0.0,0.0,0.0,0.0,0.0
Guinea,GN,GIN,AFW,Other main producer,Primary and secondary aluminium ingot production,kt,Country-level primary production plus secondary production,0.0,0.0,0.0,0.0,0.0,0.0,0.0,0.0,0.0,0.0,0.0,0.0,0.0,0.0,0.0,0.0,0.0,0.0,0.0,0.0,0.0,0.0,0.0,0.0,0.0,0.0,0.0,0.0,0.0,0.0,0.0,0.0
Guinea-Bissau,GW,GNB,AFW,Rest of World,Primary and secondary aluminium ingot production,kt,Country-level primary production plus secondary production,0.0,0.0,0.0,0.0,0.0,0.0,0.0,0.0,0.0,0.0,0.0,0.0,0.0,0.0,0.0,0.0,0.0,0.0,0.0,0.0,0.0,0.0,0.0,0.0,0.0,0.0,0.0,0.0,0.0,0.0,0.0,0.0
Liberia,LR,LBR,AFW,Rest of World,Primary and secondary aluminium ingot production,kt,Country-level primary production plus secondary production,0.0,0.0,0.0,0.0,0.0,0.0,0.0,0.0,0.0,0.0,0.0,0.0,0.0,0.0,0.0,0.0,0.0,0.0,0.0,0.0,0.0,0.0,0.0,0.0,0.0,0.0,0.0,0.0,0.0,0.0,0.0,0.0
Malawi,MW,MWI,AFW,Rest of World,Primary and secondary aluminium ingot production,kt,Country-level primary production plus secondary production,0.0,0.0,0.0,0.0,0.0,0.0,0.0,0.0,0.0,0.0,0.0,0.0,0.0,0.0,0.0,0.0,0.0,0.0,0.0,0.0,0.0,0.0,0.0,0.0,0.0,0.0,0.0,0.0,0.0,0.0,0.0,0.0
Mali,ML,MLI,AFW,Rest of World,Primary and secondary aluminium ingot production,kt,Country-level primary production plus secondary production,0.0,0.0,0.0,0.0,0.0,0.0,0.0,0.0,0.0,0.0,0.0,0.0,0.0,0.0,0.0,0.0,0.0,0.0,0.0,0.0,0.0,0.0,0.0,0.0,0.0,0.0,0.0,0.0,0.0,0.0,0.0,0.0
Mauritania,MR,MRT,AFW,Rest of World,Primary and secondary aluminium ingot production,kt,Country-level primary production plus secondary production,0.0,0.0,0.0,0.0,0.0,0.0,0.0,0.0,0.0,0.0,0.0,0.0,0.0,0.0,0.0,0.0,0.0,0.0,0.0,0.0,0.0,0.0,0.0,0.0,0.0,0.0,0.0,0.0,0.0,0.0,0.0,0.0
Sao Tome and Principe,ST,STP,AFW,Rest of World,Primary and secondary aluminium ingot production,kt,Country-level primary production plus secondary production,0.0,0.0,0.0,0.0,0.0,0.0,0.0,0.0,0.0,0.0,0.0,0.0,0.0,0.0,0.0,0.0,0.0,0.0,0.0,0.0,0.0,0.0,0.0,0.0,0.0,0.0,0.0,0.0,0.0,0.0,0.0,0.0
Sierra Leone,SL,SLE,AFW,Other main producer,Primary and secondary aluminium ingot production,kt,Country-level primary production plus secondary production,0.0,0.0,0.0,0.0,0.0,0.0,0.0,0.0,0.0,0.0,0.0,0.0,0.0,0.0,0.0,0.0,0.0,0.0,0.0,0.0,0.0,0.0,0.0,0.0,0.0,0.0,0.0,0.0,0.0,0.0,0.0,0.0
Angola,AO,AGO,AFZ,Rest of World,Primary and secondary aluminium ingot production,kt,Country-level primary production plus secondary production,0.0,0.0,0.0,0.0,0.0,0.0,0.0,0.0,0.0,0.0,0.0,0.0,0.0,0.0,0.0,0.0,0.0,0.0,0.0,0.0,0.0,0.0,0.0,0.0,0.0,0.0,0.0,0.0,0.0,0.0,0.0,0.0
Mozambique,MZ,MOZ,AFZ,Rest of World,Primary and secondary aluminium ingot production,kt,Country-level primary production plus secondary production,587.0358814352574,602.2494965296748,607.0921116240925,631.89072671851,608.4833418129274,571.029956907345,620.378943407367,664.9295148553817,710.1088257772914,755.9836550966351,803.5587889745459,852.8072507559624,903.77449915856,956.4004398811427,1010.4266801068347,1065.2767778217267,1120.1693644915665,1174.6147298449491,1228.2044521721195,1281.0250711390768,1333.9996686759052,1387.7158030998735,1441.899639022383,1497.017931951666,1553.73544508228,1611.2885032685697,1668.744555129033,1726.076351913488,1782.6863068147106,1838.3097928926945,1892.9952928857297,1945.4708772562954
Zimbabwe,ZW,ZWE,AFZ,Other main producer,Primary and secondary aluminium ingot production,kt,Country-level primary production plus secondary production,0.0,0.0,0.0,0.0,0.0,0.0,0.0,0.0,0.0,0.0,0.0,0.0,0.0,0.0,0.0,0.0,0.0,0.0,0.0,0.0,0.0,0.0,0.0,0.0,0.0,0.0,0.0,0.0,0.0,0.0,0.0,0.0
Zambia,ZM,ZMB,AFZ,Rest of World,Primary and secondary aluminium ingot production,kt,Country-level primary production plus secondary production,0.0,0.0,0.0,0.0,0.0,0.0,0.0,0.0,0.0,0.0,0.0,0.0,0.0,0.0,0.0,0.0,0.0,0.0,0.0,0.0,0.0,0.0,0.0,0.0,0.0,0.0,0.0,0.0,0.0,0.0,0.0,0.0
Botswana,BW,BWA,AFZ,Rest of World,Primary and secondary aluminium ingot production,kt,Country-level primary production plus secondary production,0.0,0.0,0.0,0.0,0.0,0.0,0.0,0.0,0.0,0.0,0.0,0.0,0.0,0.0,0.0,0.0,0.0,0.0,0.0,0.0,0.0,0.0,0.0,0.0,0.0,0.0,0.0,0.0,0.0,0.0,0.0,0.0
Namibia,,NAM,AFZ,Rest of World,Primary and secondary aluminium ingot production,kt,Country-level primary production plus secondary production,0.0,0.0,0.0,0.0,0.0,0.0,0.0,0.0,0.0,0.0,0.0,0.0,0.0,0.0,0.0,0.0,0.0,0.0,0.0,0.0,0.0,0.0,0.0,0.0,0.0,0.0,0.0,0.0,0.0,0.0,0.0,0.0
South Africa,ZA,ZAF,AFZ,Other main producer,Primary and secondary aluminium ingot production,kt,Country-level primary production plus secondary production,744.9641185647426,845.901914693641,943.8397108225392,1048.7775069514378,1151.715303080336,1255.6530992092344,1324.4521855517246,1386.262457379857,1390.5625035513694,1392.608783659355,1394.8204026528824,1398.4095019561757,1404.1369504045779,1413.1923184362372,1425.6891444741955,1441.6757068168906,1461.0444030491626,1482.9337215035882,1506.3872535252335,1531.2035860888873,1557.3055332654494,1584.6398587010947,1613.296080396823,1642.7323827770042,1672.7922203028365,1703.850148818282,1735.94839500131,1768.9276593388845,1802.0754785136853,1834.9350892709645,1867.6519086845065,1901.2300516489747
Eswatini,SZ,SWZ,AFZ,Rest of World,Primary and secondary aluminium ingot production,kt,Country-level primary production plus secondary production,0.0,0.0,0.0,0.0,0.0,0.0,0.0,0.0,0.0,0.0,0.0,0.0,0.0,0.0,0.0,0.0,0.0,0.0,0.0,0.0,0.0,0.0,0.0,0.0,0.0,0.0,0.0,0.0,0.0,0.0,0.0,0.0
Lesotho,LS,LSO,AFZ,Rest of World,Primary and secondary aluminium ingot production,kt,Country-level primary production plus secondary production,0.0,0.0,0.0,0.0,0.0,0.0,0.0,0.0,0.0,0.0,0.0,0.0,0.0,0.0,0.0,0.0,0.0,0.0,0.0,0.0,0.0,0.0,0.0,0.0,0.0,0.0,0.0,0.0,0.0,0.0,0.0,0.0
Nigeria,NG,NGA,NIG,Rest of World,Primary and secondary aluminium ingot production,kt,Country-level primary production plus secondary production,0.0,0.0,0.0,0.0,0.0,0.0,0.0,0.0,0.0,0.0,0.0,0.0,0.0,0.0,0.0,0.0,0.0,0.0,0.0,0.0,0.0,0.0,0.0,0.0,0.0,0.0,0.0,0.0,0.0,0.0,0.0,0.0
Russian Federation,RU,RUS,RUS,Other main producer,Primary and secondary aluminium ingot production,kt,Country-level primary production plus secondary production,3957.0,4369.551033069745,4484.10206613949,4674.653099209234,4800.204132278979,5069.755165348724,4997.408433097918,4959.984546297257,4920.538078387208,4867.874719271873,4824.353030942979,4790.549993333733,4768.646534926835,4762.616682665666,4769.976877937451,4789.952816949983,4821.527120120239,4860.390007947123,4903.050324552039,4950.288915707408,5002.228355689722,5058.640588722714,5119.748168759455,5181.905677502847,5244.740449874447,5310.54995557117,5379.3286718994605,5450.457834483548,5520.188627946146,5586.821337731291,5651.553449166942,5719.743555911788
Kazakhstan,KZ,KAZ,ASC,Other main producer,Primary and secondary aluminium ingot production,kt,Country-level primary production plus secondary production,266.3414634146341,287.4282740386818,301.6760846627294,304.9428952867771,333.1657059108247,353.2755165348724,358.00480469902385,361.8556006536141,360.373305055542,358.05792041073425,356.19185840113926,354.9129082471091,354.3939593429589,354.93211907892396,356.4197473951608,358.8244580462846,362.0881228502457,365.9275585770556,370.08982841124526,374.59368457557014,379.43792112154426,384.6068566509015,390.119215091496,395.75248531621025,401.4747088302321,407.4291326775931,413.61933976435387,420.0014300961114,426.33244119648236,432.4900358271715,438.544341412878,444.8413498884595
Uzbekistan,UZ,UZB,ASC,Rest of World,Primary and secondary aluminium ingot production,kt,Country-level primary production plus secondary production,0.0,0.0,0.0,0.0,0.0,0.0,0.0,0.0,0.0,0.0,0.0,0.0,0.0,0.0,0.0,0.0,0.0,0.0,0.0,0.0,0.0,0.0,0.0,0.0,0.0,0.0,0.0,0.0,0.0,0.0,0.0,0.0
Turkmenistan,TM,TKM,ASC,Rest of World,Primary and secondary aluminium ingot production,kt,Country-level primary production plus secondary production,0.0,0.0,0.0,0.0,0.0,0.0,0.0,0.0,0.0,0.0,0.0,0.0,0.0,0.0,0.0,0.0,0.0,0.0,0.0,0.0,0.0,0.0,0.0,0.0,0.0,0.0,0.0,0.0,0.0,0.0,0.0,0.0
Azerbaijan,AZ,AZE,ASC,Other main producer,Primary and secondary aluminium ingot production,kt,Country-level primary production plus secondary production,51.21951219512195,35.42679364059331,31.550075086064663,42.894356531536026,40.310637977007374,31.05091942247873,33.04363554626536,34.91763450682711,35.09318725298827,35.21829068402966,35.33707351131219,35.48467855044988,35.68093478103749,35.95615156682288,36.31673258354999,36.765055263350924,37.29918478961422,37.898926230789236,38.54027407489188,39.216313743516,39.92461206392903,40.66387418488619,41.43647477326715,42.23085952793075,43.04285545606906,43.88072299887802,44.74571782824371,45.63388729785292,46.528756815352345,47.41890152394581,48.30715378074804,49.21663997138024
Mongolia,MN,MNG,ASC,Rest of World,Primary and secondary aluminium ingot production,kt,Country-level primary production plus secondary production,0.0,0.0,0.0,0.0,0.0,0.0,0.0,0.0,0.0,0.0,0.0,0.0,0.0,0.0,0.0,0.0,0.0,0.0,0.0,0.0,0.0,0.0,0.0,0.0,0.0,0.0,0.0,0.0,0.0,0.0,0.0,0.0
Georgia,GE,GEO,ASC,Rest of World,Primary and secondary aluminium ingot production,kt,Country-level primary production plus secondary production,0.0,0.0,0.0,0.0,0.0,0.0,0.0,0.0,0.0,0.0,0.0,0.0,0.0,0.0,0.0,0.0,0.0,0.0,0.0,0.0,0.0,0.0,0.0,0.0,0.0,0.0,0.0,0.0,0.0,0.0,0.0,0.0
Kyrgyzstan,KG,KGZ,ASC,Rest of World,Primary and secondary aluminium ingot production,kt,Country-level primary production plus secondary production,0.0,0.0,0.0,0.0,0.0,0.0,0.0,0.0,0.0,0.0,0.0,0.0,0.0,0.0,0.0,0.0,0.0,0.0,0.0,0.0,0.0,0.0,0.0,0.0,0.0,0.0,0.0,0.0,0.0,0.0,0.0,0.0
Armenia,AM,ARM,ASC,Rest of World,Primary and secondary aluminium ingot production,kt,Country-level primary production plus secondary production,0.0,0.0,0.0,0.0,0.0,0.0,0.0,0.0,0.0,0.0,0.0,0.0,0.0,0.0,0.0,0.0,0.0,0.0,0.0,0.0,0.0,0.0,0.0,0.0,0.0,0.0,0.0,0.0,0.0,0.0,0.0,0.0
Tajikistan,TJ,TJK,ASC,Rest of World,Primary and secondary aluminium ingot production,kt,Country-level primary production plus secondary production,102.4390243902439,101.57001089366412,93.70099739708432,109.83198390050453,129.61197040392474,160.29395690734495,181.78457616134676,194.83886634073679,208.0773909142701,221.5197175646365,235.46027057617943,249.89114519994047,264.8256618327729,280.24621153228935,296.07707956123465,312.14935582313666,328.234082276569,344.18776311936847,359.89072187284114,375.3683165486864,390.8910303075686,406.6310305655643,422.50807757472023,438.6589408903815,455.2784106434095,472.1427133415655,488.97859106815747,505.7780593444154,522.3660121877382,538.6649081266727,554.6889536621408,570.0654456675416
Afghanistan,AF,AFG,ASC,Rest of World,Primary and secondary aluminium ingot production,kt,Country-level primary production plus secondary production,0.0,0.0,0.0,0.0,0.0,0.0,0.0,0.0,0.0,0.0,0.0,0.0,0.0,0.0,0.0,0.0,0.0,0.0,0.0,0.0,0.0,0.0,0.0,0.0,0.0,0.0,0.0,0.0,0.0,0.0,0.0,0.0
Thailand,TH,THA,ASE,Other Asia,Primary and secondary aluminium ingot production,kt,Country-level primary production plus secondary production,290.0,345.6701214740288,401.3402429480576,457.01036442208647,512.6804858961152,568.3506073701441,624.0207288441729,678.2184227370725,740.911185234376,807.2670542947856,877.67304738683,952.2764097303682,1031.2075271589194,1114.260216412051,1201.05335101117,1291.2879292835028,1384.714397019996,1481.2149272135084,1580.8899738242603,1683.9430242970377,1790.8041307353417,1902.0197784680784,2017.9537521757752,2139.0260025667576,2265.3448151841662,2396.735807751108,2533.0782685250447,2674.074677433649,2819.217643482212,2967.959850644408,3120.0077364661065,3275.186833806044
Malaysia,MY,MYS,ASE,Other Asia,Primary and secondary aluminium ingot production,kt,Country-level primary production plus secondary production,760.0,929.3968107847963,1159.7936215695927,1316.190432354389,1517.5872431391854,1646.9840539239817,1821.9375298116763,1934.9247312810976,2048.9723845241483,2165.619025553942,2284.046329667791,2404.5878404360174,2526.1801393766746,2647.365379297401,2767.5111518310523,2885.840919442214,3001.597697955969,3114.400532499114,3223.435690720913,3328.7130211475787,3430.667383037163,3528.6749723332496,3623.424830723957,3714.41962233866,3800.5210748213376,3882.1809216322017,3959.220600851779,4030.462793778232,4094.7836657222683,4152.805429856924,4205.420502832673,4252.824206250373
Singapore,SG,SGP,ASE,Other Asia,Primary and secondary aluminium ingot production,kt,Country-level primary production plus secondary production,0.0,0.0,0.0,0.0,0.0,0.0,0.0,0.0,0.0,0.0,0.0,0.0,0.0,0.0,0.0,0.0,0.0,0.0,0.0,0.0,0.0,0.0,0.0,0.0,0.0,0.0,0.0,0.0,0.0,0.0,0.0,0.0
Myanmar,MM,MMR,ASE,Rest of World,Primary and secondary aluminium ingot production,kt,Country-level primary production plus secondary production,0.0,0.0,0.0,0.0,0.0,0.0,0.0,0.0,0.0,0.0,0.0,0.0,0.0,0.0,0.0,0.0,0.0,0.0,0.0,0.0,0.0,0.0,0.0,0.0,0.0,0.0,0.0,0.0,0.0,0.0,0.0,0.0
Cambodia,KH,KHM,ASE,Rest of World,Primary and secondary aluminium ingot production,kt,Country-level primary production plus secondary production,0.0,0.0,0.0,0.0,0.0,0.0,0.0,0.0,0.0,0.0,0.0,0.0,0.0,0.0,0.0,0.0,0.0,0.0,0.0,0.0,0.0,0.0,0.0,0.0,0.0,0.0,0.0,0.0,0.0,0.0,0.0,0.0
Brunei Darussalam,BN,BRN,ASE,Rest of World,Primary and secondary aluminium ingot production,kt,Country-level primary production plus secondary production,0.0,0.0,0.0,0.0,0.0,0.0,0.0,0.0,0.0,0.0,0.0,0.0,0.0,0.0,0.0,0.0,0.0,0.0,0.0,0.0,0.0,0.0,0.0,0.0,0.0,0.0,0.0,0.0,0.0,0.0,0.0,0.0
Lao People's Democratic Republic,LA,LAO,ASE,Rest of World,Primary and secondary aluminium ingot production,kt,Country-level primary production plus secondary production,0.0,0.0,0.0,0.0,0.0,0.0,0.0,0.0,0.0,0.0,0.0,0.0,0.0,0.0,0.0,0.0,0.0,0.0,0.0,0.0,0.0,0.0,0.0,0.0,0.0,0.0,0.0,0.0,0.0,0.0,0.0,0.0
Democratic People's Republic of Korea,KP,PRK,ASE,Rest of World,Primary and secondary aluminium ingot production,kt,Country-level primary production plus secondary production,0.0,0.0,0.0,0.0,0.0,0.0,0.0,0.0,0.0,0.0,0.0,0.0,0.0,0.0,0.0,0.0,0.0,0.0,0.0,0.0,0.0,0.0,0.0,0.0,0.0,0.0,0.0,0.0,0.0,0.0,0.0,0.0
Cook Islands,CK,COK,ASE,Rest of World,Primary and secondary aluminium ingot production,kt,Country-level primary production plus secondary production,0.0,0.0,0.0,0.0,0.0,0.0,0.0,0.0,0.0,0.0,0.0,0.0,0.0,0.0,0.0,0.0,0.0,0.0,0.0,0.0,0.0,0.0,0.0,0.0,0.0,0.0,0.0,0.0,0.0,0.0,0.0,0.0
Timor-Leste,TL,TLS,ASE,Rest of World,Primary and secondary aluminium ingot production,kt,Country-level primary production plus secondary production,0.0,0.0,0.0,0.0,0.0,0.0,0.0,0.0,0.0,0.0,0.0,0.0,0.0,0.0,0.0,0.0,0.0,0.0,0.0,0.0,0.0,0.0,0.0,0.0,0.0,0.0,0.0,0.0,0.0,0.0,0.0,0.0
Fiji,FJ,FJI,ASE,Other main producer,Primary and secondary aluminium ingot production,kt,Country-level primary production plus secondary production,0.0,0.0,0.0,0.0,0.0,0.0,0.0,0.0,0.0,0.0,0.0,0.0,0.0,0.0,0.0,0.0,0.0,0.0,0.0,0.0,0.0,0.0,0.0,0.0,0.0,0.0,0.0,0.0,0.0,0.0,0.0,0.0
French Polynesia,PF,PYF,ASE,Rest of World,Primary and secondary aluminium ingot production,kt,Country-level primary production plus secondary production,0.0,0.0,0.0,0.0,0.0,0.0,0.0,0.0,0.0,0.0,0.0,0.0,0.0,0.0,0.0,0.0,0.0,0.0,0.0,0.0,0.0,0.0,0.0,0.0,0.0,0.0,0.0,0.0,0.0,0.0,0.0,0.0
Kiribati,KI,KIR,ASE,Rest of World,Primary and secondary aluminium ingot production,kt,Country-level primary production plus secondary production,0.0,0.0,0.0,0.0,0.0,0.0,0.0,0.0,0.0,0.0,0.0,0.0,0.0,0.0,0.0,0.0,0.0,0.0,0.0,0.0,0.0,0.0,0.0,0.0,0.0,0.0,0.0,0.0,0.0,0.0,0.0,0.0
New Caledonia,NC,NCL,ASE,Rest of World,Primary and secondary aluminium ingot production,kt,Country-level primary production plus secondary production,0.0,0.0,0.0,0.0,0.0,0.0,0.0,0.0,0.0,0.0,0.0,0.0,0.0,0.0,0.0,0.0,0.0,0.0,0.0,0.0,0.0,0.0,0.0,0.0,0.0,0.0,0.0,0.0,0.0,0.0,0.0,0.0
Palau,PW,PLW,ASE,Rest of World,Primary and secondary aluminium ingot production,kt,Country-level primary production plus secondary production,0.0,0.0,0.0,0.0,0.0,0.0,0.0,0.0,0.0,0.0,0.0,0.0,0.0,0.0,0.0,0.0,0.0,0.0,0.0,0.0,0.0,0.0,0.0,0.0,0.0,0.0,0.0,0.0,0.0,0.0,0.0,0.0
Papua New Guinea,PG,PNG,ASE,Rest of World,Primary and secondary aluminium ingot production,kt,Country-level primary production plus secondary production,0.0,0.0,0.0,0.0,0.0,0.0,0.0,0.0,0.0,0.0,0.0,0.0,0.0,0.0,0.0,0.0,0.0,0.0,0.0,0.0,0.0,0.0,0.0,0.0,0.0,0.0,0.0,0.0,0.0,0.0,0.0,0.0
American Samoa,AS,ASM,ASE,Rest of World,Primary and secondary aluminium ingot production,kt,Country-level primary production plus secondary production,0.0,0.0,0.0,0.0,0.0,0.0,0.0,0.0,0.0,0.0,0.0,0.0,0.0,0.0,0.0,0.0,0.0,0.0,0.0,0.0,0.0,0.0,0.0,0.0,0.0,0.0,0.0,0.0,0.0,0.0,0.0,0.0
Solomon Islands,SB,SLB,ASE,Rest of World,Primary and secondary aluminium ingot production,kt,Country-level primary production plus secondary production,0.0,0.0,0.0,0.0,0.0,0.0,0.0,0.0,0.0,0.0,0.0,0.0,0.0,0.0,0.0,0.0,0.0,0.0,0.0,0.0,0.0,0.0,0.0,0.0,0.0,0.0,0.0,0.0,0.0,0.0,0.0,0.0
Tonga,TO,TON,ASE,Rest of World,Primary and secondary aluminium ingot production,kt,Country-level primary production plus secondary production,0.0,0.0,0.0,0.0,0.0,0.0,0.0,0.0,0.0,0.0,0.0,0.0,0.0,0.0,0.0,0.0,0.0,0.0,0.0,0.0,0.0,0.0,0.0,0.0,0.0,0.0,0.0,0.0,0.0,0.0,0.0,0.0
Vanuatu,VU,VUT,ASE,Rest of World,Primary and secondary aluminium ingot production,kt,Country-level primary production plus secondary production,0.0,0.0,0.0,0.0,0.0,0.0,0.0,0.0,0.0,0.0,0.0,0.0,0.0,0.0,0.0,0.0,0.0,0.0,0.0,0.0,0.0,0.0,0.0,0.0,0.0,0.0,0.0,0.0,0.0,0.0,0.0,0.0
Niue,NU,NIU,ASE,Rest of World,Primary and secondary aluminium ingot production,kt,Country-level primary production plus secondary production,0.0,0.0,0.0,0.0,0.0,0.0,0.0,0.0,0.0,0.0,0.0,0.0,0.0,0.0,0.0,0.0,0.0,0.0,0.0,0.0,0.0,0.0,0.0,0.0,0.0,0.0,0.0,0.0,0.0,0.0,0.0,0.0
Samoa,WS,WSM,ASE,Rest of World,Primary and secondary aluminium ingot production,kt,Country-level primary production plus secondary production,0.0,0.0,0.0,0.0,0.0,0.0,0.0,0.0,0.0,0.0,0.0,0.0,0.0,0.0,0.0,0.0,0.0,0.0,0.0,0.0,0.0,0.0,0.0,0.0,0.0,0.0,0.0,0.0,0.0,0.0,0.0,0.0
Wallis and Futuna Islands,WF,WLF,ASE,Rest of World,Primary and secondary aluminium ingot production,kt,Country-level primary production plus secondary production,0.0,0.0,0.0,0.0,0.0,0.0,0.0,0.0,0.0,0.0,0.0,0.0,0.0,0.0,0.0,0.0,0.0,0.0,0.0,0.0,0.0,0.0,0.0,0.0,0.0,0.0,0.0,0.0,0.0,0.0,0.0,0.0
Micronesia (Federated States of),FM,FSM,ASE,Rest of World,Primary and secondary aluminium ingot production,kt,Country-level primary production plus secondary production,0.0,0.0,0.0,0.0,0.0,0.0,0.0,0.0,0.0,0.0,0.0,0.0,0.0,0.0,0.0,0.0,0.0,0.0,0.0,0.0,0.0,0.0,0.0,0.0,0.0,0.0,0.0,0.0,0.0,0.0,0.0,0.0
Nauru,NR,NRU,ASE,Rest of World,Primary and secondary aluminium ingot production,kt,Country-level primary production plus secondary production,0.0,0.0,0.0,0.0,0.0,0.0,0.0,0.0,0.0,0.0,0.0,0.0,0.0,0.0,0.0,0.0,0.0,0.0,0.0,0.0,0.0,0.0,0.0,0.0,0.0,0.0,0.0,0.0,0.0,0.0,0.0,0.0
Tuvalu,TV,TUV,ASE,Rest of World,Primary and secondary aluminium ingot production,kt,Country-level primary production plus secondary production,0.0,0.0,0.0,0.0,0.0,0.0,0.0,0.0,0.0,0.0,0.0,0.0,0.0,0.0,0.0,0.0,0.0,0.0,0.0,0.0,0.0,0.0,0.0,0.0,0.0,0.0,0.0,0.0,0.0,0.0,0.0,0.0
Northern Mariana Islands,MP,MNP,ASE,Rest of World,Primary and secondary aluminium ingot production,kt,Country-level primary production plus secondary production,0.0,0.0,0.0,0.0,0.0,0.0,0.0,0.0,0.0,0.0,0.0,0.0,0.0,0.0,0.0,0.0,0.0,0.0,0.0,0.0,0.0,0.0,0.0,0.0,0.0,0.0,0.0,0.0,0.0,0.0,0.0,0.0
China,CN,CHN,CHN,China,Primary and secondary aluminium ingot production,kt,Country-level primary production plus secondary production,45654.0,49748.37374271572,53228.545485431445,56928.21822814717,60435.89097086289,64904.86371357861,64821.874445179805,64054.283496095435,63240.71243011314,62324.47764591749,61515.80677845517,60864.89782527023,60340.469411216734,59918.134355584996,59590.375411233625,59354.11402085592,59210.52499996248,59130.839740774594,59109.870430331044,59141.88326534154,59148.83072045736,59090.43110937204,58958.90346648844,58729.223239324274,58413.34877399629,57991.35764712881,57439.26029722612,56780.51923881815,56082.7625359951,55349.27706502161,54576.67203964369,53815.74899252203
"China, Hong Kong Special Administrative Region",HK,HKG,CHN,Rest of World,Primary and secondary aluminium ingot production,kt,Country-level primary production plus secondary production,0.0,0.0,0.0,0.0,0.0,0.0,0.0,0.0,0.0,0.0,0.0,0.0,0.0,0.0,0.0,0.0,0.0,0.0,0.0,0.0,0.0,0.0,0.0,0.0,0.0,0.0,0.0,0.0,0.0,0.0,0.0,0.0
"China, Macao Special Administrative Region",MO,MAC,CHN,Rest of World,Primary and secondary aluminium ingot production,kt,Country-level primary production plus secondary production,0.0,0.0,0.0,0.0,0.0,0.0,0.0,0.0,0.0,0.0,0.0,0.0,0.0,0.0,0.0,0.0,0.0,0.0,0.0,0.0,0.0,0.0,0.0,0.0,0.0,0.0,0.0,0.0,0.0,0.0,0.0,0.0
Indonesia,ID,IDN,IDN,Other Asia,Primary and secondary aluminium ingot production,kt,Country-level primary production plus secondary production,280.0,311.8216049775983,386.8432099551967,418.93881493279497,461.76841991039333,572.8380248879917,637.0526341367577,679.9726052752544,725.0541798251134,771.6551691739292,819.6363936590424,869.1217474790882,919.8483231318025,971.3709292197162,1023.4322081976752,1075.753363616687,1128.0718505344482,1180.257251670102,1232.1085393107367,1283.6732265033652,1335.1652713695325,1386.5339558755006,1438.0483490873519,1489.6645487133208,1541.0942531168357,1592.4229384592268,1643.5750543989311,1694.1622245477806,1743.7645213744604,1792.4320437074282,1840.3448702363169,1887.5181426093177
Philippines,PH,PHL,IDN,Rest of World,Primary and secondary aluminium ingot production,kt,Country-level primary production plus secondary production,0.0,0.0,0.0,0.0,0.0,0.0,0.0,0.0,0.0,0.0,0.0,0.0,0.0,0.0,0.0,0.0,0.0,0.0,0.0,0.0,0.0,0.0,0.0,0.0,0.0,0.0,0.0,0.0,0.0,0.0,0.0,0.0
Viet Nam,VN,VNM,IDN,Other Asia,Primary and secondary aluminium ingot production,kt,Country-level primary production plus secondary production,0.0,59.72160497759833,119.44320995519666,179.16481493279497,238.88641991039333,298.60802488799163,358.32962986558994,389.45141588090814,425.4513007285153,463.5546407311254,503.9836718175134,546.8229461871379,592.1473349224885,639.8384420024395,689.6774142644377,741.4925568371723,795.1405689243268,850.5537910621916,907.789906639668,966.9657636674102,1028.328309728964,1092.1913515243032,1158.7637840851128,1228.2867544998155,1300.8224432646673,1376.2707153459328,1454.5622547865855,1535.5262174904817,1618.871245784827,1704.2830559606548,1791.5930764935467,1880.7011236183428
India,IN,IND,IND,Other Asia,Primary and secondary aluminium ingot production,kt,Country-level primary production plus secondary production,5030.0,5069.659428206391,5527.465856412781,5671.267284619172,5790.689712825562,5891.112141031952,6142.827006005411,6486.331264799988,6813.766254227236,7143.265181432371,7470.456956961401,7796.386420123623,8116.273294919954,8424.494171705393,8719.31428051465,8998.195258609416,9258.561394261196,9499.097700552522,9716.144641980916,9909.2519942547,10079.206825720154,10222.069601922918,10339.854789886467,10429.45957322885,10485.84275368586,10511.322427006156,10505.440423133547,10463.971920010445,10383.423674195688,10267.730546795734,10121.348973813929,9945.520582614065
Bangladesh,BD,BGD,ASO,Rest of World,Primary and secondary aluminium ingot production,kt,Country-level primary production plus secondary production,0.0,0.0,0.0,0.0,0.0,0.0,0.0,0.0,0.0,0.0,0.0,0.0,0.0,0.0,0.0,0.0,0.0,0.0,0.0,0.0,0.0,0.0,0.0,0.0,0.0,0.0,0.0,0.0,0.0,0.0,0.0,0.0
Nepal,NP,NPL,ASO,Rest of World,Primary and secondary aluminium ingot production,kt,Country-level primary production plus secondary production,0.0,0.0,0.0,0.0,0.0,0.0,0.0,0.0,0.0,0.0,0.0,0.0,0.0,0.0,0.0,0.0,0.0,0.0,0.0,0.0,0.0,0.0,0.0,0.0,0.0,0.0,0.0,0.0,0.0,0.0,0.0,0.0
Sri Lanka,LK,LKA,ASO,Rest of World,Primary and secondary aluminium ingot production,kt,Country-level primary production plus secondary production,0.0,0.0,0.0,0.0,0.0,0.0,0.0,0.0,0.0,0.0,0.0,0.0,0.0,0.0,0.0,0.0,0.0,0.0,0.0,0.0,0.0,0.0,0.0,0.0,0.0,0.0,0.0,0.0,0.0,0.0,0.0,0.0
Pakistan,PK,PAK,ASO,Other Asia,Primary and secondary aluminium ingot production,kt,Country-level primary production plus secondary production,0.0,0.0,0.0,0.0,0.0,0.0,0.0,0.0,0.0,0.0,0.0,0.0,0.0,0.0,0.0,0.0,0.0,0.0,0.0,0.0,0.0,0.0,0.0,0.0,0.0,0.0,0.0,0.0,0.0,0.0,0.0,0.0
Bhutan,BT,BTN,ASO,Rest of World,Primary and secondary aluminium ingot production,kt,Country-level primary production plus secondary production,0.0,0.0,0.0,0.0,0.0,0.0,0.0,0.0,0.0,0.0,0.0,0.0,0.0,0.0,0.0,0.0,0.0,0.0,0.0,0.0,0.0,0.0,0.0,0.0,0.0,0.0,0.0,0.0,0.0,0.0,0.0,0.0
Maldives,MV,MDV,ASO,Rest of World,Primary and secondary aluminium ingot production,kt,Country-level primary production plus secondary production,0.0,0.0,0.0,0.0,0.0,0.0,0.0,0.0,0.0,0.0,0.0,0.0,0.0,0.0,0.0,0.0,0.0,0.0,0.0,0.0,0.0,0.0,0.0,0.0,0.0,0.0,0.0,0.0,0.0,0.0,0.0,0.0
Japan,JP,JPN,JPN,Japan,Primary and secondary aluminium ingot production,kt,Country-level primary production plus secondary production,1410.893542868064,1454.479775667474,1588.9595513349475,1723.4393270024214,1857.919102669895,1992.3988783373688,2126.8786540048427,1952.826061381564,1798.6909121871345,1662.863203775751,1543.089798253947,1437.0838171095406,1343.663275796113,1262.9895559400516,1194.901817247426,1138.7140873582396,1094.3267707737332,1063.308580135457,1044.69358845063,1037.709304852895,1040.8084040132449,1051.8282528210318,1068.636167825842,1091.2935465223052,1117.1412640286192,1141.649795414469,1162.890829753891,1179.7184465147102,1191.291727296253,1196.068092730615,1192.9682705087612,1182.504838325373
"Taiwan, Province of China",TW,TWN,SKT,Other Asia,Primary and secondary aluminium ingot production,kt,Country-level primary production plus secondary production,0.0,69.67520580719804,139.35041161439608,209.0256174215941,278.70082322879216,348.3760290359902,418.0512348431882,454.3599851943928,496.3598508499345,540.8137475196463,587.9809504537657,637.9601038849942,690.83855740957,746.4781823361794,804.6236499751773,865.0746496433677,927.6639970783812,992.3127562392236,1059.088224412946,1128.126724278645,1199.716361350458,1274.2232434450202,1351.8910814326314,1433.001213583118,1517.6261838087785,1605.649167903588,1696.9892972510163,1791.447253738895,1888.6831200822976,1988.3302319540967,2090.1919225758043,2194.1513108880663
Republic of Korea,KR,KOR,SKT,Other Asia,Primary and secondary aluminium ingot production,kt,Country-level primary production plus secondary production,2000.0,1779.164814932795,1558.32962986559,1337.4944447983848,1116.65925973118,895.8240746639748,674.9888895967698,733.6132902432573,801.4266114805012,873.202230951147,949.3587765617084,1030.0555200845104,1115.4334968809098,1205.269683253808,1299.1518234451985,1396.7564942132494,1497.8137585019033,1602.1961655438402,1710.0123740805573,1821.4824918072875,1937.0716962067536,2057.3711079073087,2182.774224442305,2313.735296847319,2450.371455107213,2592.4940739183653,2739.9725821614334,2892.4851592077584,3049.4829718723536,3210.374000980545,3374.8407067683806,3542.6943721363937
Australia,AU,AUS,ANZ,Other main producer,Primary and secondary aluminium ingot production,kt,Country-level primary production plus secondary production,2289.2087454450807,2161.27318024056,1995.9726150360398,1806.2070498315195,1711.152484626999,1590.6909194224786,1505.8435033764156,1435.7920067528312,1411.815940992744,1382.8337976725122,1358.456037750369,1337.9885856858484,1321.938771489789,1311.3923484995898,1304.968583128277,1302.226447343036,1302.7266101066252,1304.94042109239,1307.8414369330674,1311.9995568443144,1317.541580806211,1324.3928863222104,1332.595513916991,1340.7033174413716,1348.651347931726,1357.323907300479,1366.6835313716942,1376.539927832009,1385.533169674486,1393.1562460061978,1399.9108853615776,1407.7526877985913
New Zealand,NZ,NZL,ANZ,Other main producer,Primary and secondary aluminium ingot production,kt,Country-level primary production plus secondary production,511.7912545549193,475.8747391819184,453.2632238089176,433.51570843591674,413.2211930629158,348.8836776899149,315.68445246197297,308.56923161985867,305.10010582560153,300.7133373717153,297.05357458981166,294.08710401156213,291.93958164909463,290.8530142369383,290.61939701771996,291.1730267923339,292.43890341351823,294.12618668371283,296.0164052360476,298.18593371869184,300.649779534745,303.39305925470507,306.4278089490749,309.49564263398577,312.57684635908475,315.83207250689406,319.2580782462278,322.8154657858455,326.24880583656835,329.45114480112767,332.5095170143476,335.7899819767729
United States of America,US,USA,USA,North America,Primary and secondary aluminium ingot production,kt,Country-level primary production plus secondary production,4960.0,5349.8320609665925,5684.276121933184,6101.945182899777,6417.860243866369,6821.075304832962,7280.622058933352,7259.79833514283,7315.255701310109,7383.36421854099,7457.365162158883,7533.763266118161,7616.861248911354,7705.294821647167,7797.5280381318435,7895.122866077244,7996.180656958378,8099.265736404959,8207.13623890133,8318.195309463299,8426.819371391335,8532.94340273735,8640.069012588587,8748.86290631373,8854.03040636785,8952.406269064544,8961.55773161579,8963.256878393104,8964.954701411674,8967.311394114286,8961.551734913024,8960.648582780175
Canada,CA,CAN,CAN,North America,Primary and secondary aluminium ingot production,kt,Country-level primary production plus secondary production,4564.0,4675.894882620823,4490.5657652416485,4170.441647862472,4257.451530483297,4105.52141310412,3947.782322743192,3976.2576333037973,3846.762520927839,3736.935983128015,3602.4892848313557,3450.3922667926845,3305.1075205431584,3148.7565746957284,2983.513823347152,2819.640067587594,2644.3245788474524,2459.494523678018,2282.592040382263,2100.022020963681,1894.689323402807,1683.2146299669223,1481.8952031232614,1288.3910549519073,1079.7308156819645,857.1661961368636,858.0424213782544,858.2051096137986,858.3676711033917,858.5933173998898,858.0418472118524,857.9553730891438
Argentina,AR,ARG,LAM,South America,Primary and secondary aluminium ingot production,kt,Country-level primary production plus secondary production,682.2183908045977,536.5135542964713,536.4397177883448,569.7298812802184,582.1830447720919,559.6742082639654,529.2317848018839,530.8375150033661,528.3221705355968,525.0800910821206,521.4433128458844,517.7817784461384,513.2232196308911,507.6851776796629,500.9146148961261,493.6420343939668,485.02353231316414,474.52874870460283,463.28228549614397,451.78975822595123,439.4665099375089,426.2706287179493,411.7673496094159,396.079523182977,379.75312102037094,362.50043799799784,344.57232269920166,325.92078581843697,306.9055456387725,286.80899840035124,265.36888618431544,244.3180937595485
Venezuela (Bolivarian Republic of),VE,VEN,LAM,South America,Primary and secondary aluminium ingot production,kt,Country-level primary production plus secondary production,12.781609195402298,17.205513604240803,47.92941801307931,20.45332242191781,22.477226830756315,26.10113123959482,28.4852392279045,29.25809804518959,30.015966368638885,30.730926869940554,31.418346584334174,32.097597531386,32.760690418901405,33.40936565680009,34.03905269297161,34.66156522454953,35.25653731985161,35.80649562805635,36.32969763793053,36.83861479296733,37.32609901298742,37.795919666742996,38.244943277288876,38.679200463923465,39.11198293794986,39.537881786403645,39.95851773724241,40.36878365951209,40.77088063625732,41.14615240844334,41.48388191182532,41.81601442833524
Colombia,CO,COL,LAM,Rest of World,Primary and secondary aluminium ingot production,kt,Country-level primary production plus secondary production,0.0,0.0,0.0,0.0,0.0,0.0,0.0,0.0,0.0,0.0,0.0,0.0,0.0,0.0,0.0,0.0,0.0,0.0,0.0,0.0,0.0,0.0,0.0,0.0,0.0,0.0,0.0,0.0,0.0,0.0,0.0,0.0
Peru,PE,PER,LAM,Rest of World,Primary and secondary aluminium ingot production,kt,Country-level primary production plus secondary production,0.0,0.0,0.0,0.0,0.0,0.0,0.0,0.0,0.0,0.0,0.0,0.0,0.0,0.0,0.0,0.0,0.0,0.0,0.0,0.0,0.0,0.0,0.0,0.0,0.0,0.0,0.0,0.0,0.0,0.0,0.0,0.0
Trinidad and Tobago,TT,TTO,LAM,Rest of World,Primary and secondary aluminium ingot production,kt,Country-level primary production plus secondary production,0.0,0.0,0.0,0.0,0.0,0.0,0.0,0.0,0.0,0.0,0.0,0.0,0.0,0.0,0.0,0.0,0.0,0.0,0.0,0.0,0.0,0.0,0.0,0.0,0.0,0.0,0.0,0.0,0.0,0.0,0.0,0.0
Ecuador,EC,ECU,LAM,Rest of World,Primary and secondary aluminium ingot production,kt,Country-level primary production plus secondary production,0.0,0.0,0.0,0.0,0.0,0.0,0.0,0.0,0.0,0.0,0.0,0.0,0.0,0.0,0.0,0.0,0.0,0.0,0.0,0.0,0.0,0.0,0.0,0.0,0.0,0.0,0.0,0.0,0.0,0.0,0.0,0.0
Guatemala,GT,GTM,LAM,Rest of World,Primary and secondary aluminium ingot production,kt,Country-level primary production plus secondary production,0.0,0.0,0.0,0.0,0.0,0.0,0.0,0.0,0.0,0.0,0.0,0.0,0.0,0.0,0.0,0.0,0.0,0.0,0.0,0.0,0.0,0.0,0.0,0.0,0.0,0.0,0.0,0.0,0.0,0.0,0.0,0.0
Cuba,CU,CUB,LAM,Rest of World,Primary and secondary aluminium ingot production,kt,Country-level primary production plus secondary production,0.0,0.0,0.0,0.0,0.0,0.0,0.0,0.0,0.0,0.0,0.0,0.0,0.0,0.0,0.0,0.0,0.0,0.0,0.0,0.0,0.0,0.0,0.0,0.0,0.0,0.0,0.0,0.0,0.0,0.0,0.0,0.0
Bolivia (Plurinational State of),BO,BOL,LAM,Rest of World,Primary and secondary aluminium ingot production,kt,Country-level primary production plus secondary production,0.0,0.0,0.0,0.0,0.0,0.0,0.0,0.0,0.0,0.0,0.0,0.0,0.0,0.0,0.0,0.0,0.0,0.0,0.0,0.0,0.0,0.0,0.0,0.0,0.0,0.0,0.0,0.0,0.0,0.0,0.0,0.0
Dominican Republic,DO,DOM,LAM,South America,Primary and secondary aluminium ingot production,kt,Country-level primary production plus secondary production,0.0,0.0,0.0,0.0,0.0,0.0,0.0,0.0,0.0,0.0,0.0,0.0,0.0,0.0,0.0,0.0,0.0,0.0,0.0,0.0,0.0,0.0,0.0,0.0,0.0,0.0,0.0,0.0,0.0,0.0,0.0,0.0
Honduras,HN,HND,LAM,Rest of World,Primary and secondary aluminium ingot production,kt,Country-level primary production plus secondary production,0.0,0.0,0.0,0.0,0.0,0.0,0.0,0.0,0.0,0.0,0.0,0.0,0.0,0.0,0.0,0.0,0.0,0.0,0.0,0.0,0.0,0.0,0.0,0.0,0.0,0.0,0.0,0.0,0.0,0.0,0.0,0.0
Paraguay,PY,PRY,LAM,Rest of World,Primary and secondary aluminium ingot production,kt,Country-level primary production plus secondary production,0.0,0.0,0.0,0.0,0.0,0.0,0.0,0.0,0.0,0.0,0.0,0.0,0.0,0.0,0.0,0.0,0.0,0.0,0.0,0.0,0.0,0.0,0.0,0.0,0.0,0.0,0.0,0.0,0.0,0.0,0.0,0.0
Uruguay,UY,URY,LAM,Rest of World,Primary and secondary aluminium ingot production,kt,Country-level primary production plus secondary production,0.0,0.0,0.0,0.0,0.0,0.0,0.0,0.0,0.0,0.0,0.0,0.0,0.0,0.0,0.0,0.0,0.0,0.0,0.0,0.0,0.0,0.0,0.0,0.0,0.0,0.0,0.0,0.0,0.0,0.0,0.0,0.0
Costa Rica,CR,CRI,LAM,Rest of World,Primary and secondary aluminium ingot production,kt,Country-level primary production plus secondary production,0.0,0.0,0.0,0.0,0.0,0.0,0.0,0.0,0.0,0.0,0.0,0.0,0.0,0.0,0.0,0.0,0.0,0.0,0.0,0.0,0.0,0.0,0.0,0.0,0.0,0.0,0.0,0.0,0.0,0.0,0.0,0.0
El Salvador,SV,SLV,LAM,Rest of World,Primary and secondary aluminium ingot production,kt,Country-level primary production plus secondary production,0.0,0.0,0.0,0.0,0.0,0.0,0.0,0.0,0.0,0.0,0.0,0.0,0.0,0.0,0.0,0.0,0.0,0.0,0.0,0.0,0.0,0.0,0.0,0.0,0.0,0.0,0.0,0.0,0.0,0.0,0.0,0.0
Haiti,HT,HTI,LAM,South America,Primary and secondary aluminium ingot production,kt,Country-level primary production plus secondary production,0.0,0.0,0.0,0.0,0.0,0.0,0.0,0.0,0.0,0.0,0.0,0.0,0.0,0.0,0.0,0.0,0.0,0.0,0.0,0.0,0.0,0.0,0.0,0.0,0.0,0.0,0.0,0.0,0.0,0.0,0.0,0.0
Panama,PA,PAN,LAM,Rest of World,Primary and secondary aluminium ingot production,kt,Country-level primary production plus secondary production,0.0,0.0,0.0,0.0,0.0,0.0,0.0,0.0,0.0,0.0,0.0,0.0,0.0,0.0,0.0,0.0,0.0,0.0,0.0,0.0,0.0,0.0,0.0,0.0,0.0,0.0,0.0,0.0,0.0,0.0,0.0,0.0
Nicaragua,NI,NIC,LAM,Rest of World,Primary and secondary aluminium ingot production,kt,Country-level primary production plus secondary production,0.0,0.0,0.0,0.0,0.0,0.0,0.0,0.0,0.0,0.0,0.0,0.0,0.0,0.0,0.0,0.0,0.0,0.0,0.0,0.0,0.0,0.0,0.0,0.0,0.0,0.0,0.0,0.0,0.0,0.0,0.0,0.0
Jamaica,JM,JAM,LAM,South America,Primary and secondary aluminium ingot production,kt,Country-level primary production plus secondary production,0.0,0.0,0.0,0.0,0.0,0.0,0.0,0.0,0.0,0.0,0.0,0.0,0.0,0.0,0.0,0.0,0.0,0.0,0.0,0.0,0.0,0.0,0.0,0.0,0.0,0.0,0.0,0.0,0.0,0.0,0.0,0.0
Curaçao,CW,CUW,LAM,Rest of World,Primary and secondary aluminium ingot production,kt,Country-level primary production plus secondary production,0.0,0.0,0.0,0.0,0.0,0.0,0.0,0.0,0.0,0.0,0.0,0.0,0.0,0.0,0.0,0.0,0.0,0.0,0.0,0.0,0.0,0.0,0.0,0.0,0.0,0.0,0.0,0.0,0.0,0.0,0.0,0.0
Suriname,SR,SUR,LAM,South America,Primary and secondary aluminium ingot production,kt,Country-level primary production plus secondary production,0.0,0.0,0.0,0.0,0.0,0.0,0.0,0.0,0.0,0.0,0.0,0.0,0.0,0.0,0.0,0.0,0.0,0.0,0.0,0.0,0.0,0.0,0.0,0.0,0.0,0.0,0.0,0.0,0.0,0.0,0.0,0.0
Antigua and Barbuda,AG,ATG,LAM,Rest of World,Primary and secondary aluminium ingot production,kt,Country-level primary production plus secondary production,0.0,0.0,0.0,0.0,0.0,0.0,0.0,0.0,0.0,0.0,0.0,0.0,0.0,0.0,0.0,0.0,0.0,0.0,0.0,0.0,0.0,0.0,0.0,0.0,0.0,0.0,0.0,0.0,0.0,0.0,0.0,0.0
Aruba,AW,ABW,LAM,Rest of World,Primary and secondary aluminium ingot production,kt,Country-level primary production plus secondary production,0.0,0.0,0.0,0.0,0.0,0.0,0.0,0.0,0.0,0.0,0.0,0.0,0.0,0.0,0.0,0.0,0.0,0.0,0.0,0.0,0.0,0.0,0.0,0.0,0.0,0.0,0.0,0.0,0.0,0.0,0.0,0.0
Bahamas,BS,BHS,LAM,Rest of World,Primary and secondary aluminium ingot production,kt,Country-level primary production plus secondary production,0.0,0.0,0.0,0.0,0.0,0.0,0.0,0.0,0.0,0.0,0.0,0.0,0.0,0.0,0.0,0.0,0.0,0.0,0.0,0.0,0.0,0.0,0.0,0.0,0.0,0.0,0.0,0.0,0.0,0.0,0.0,0.0
Barbados,BB,BRB,LAM,Rest of World,Primary and secondary aluminium ingot production,kt,Country-level primary production plus secondary production,0.0,0.0,0.0,0.0,0.0,0.0,0.0,0.0,0.0,0.0,0.0,0.0,0.0,0.0,0.0,0.0,0.0,0.0,0.0,0.0,0.0,0.0,0.0,0.0,0.0,0.0,0.0,0.0,0.0,0.0,0.0,0.0
Belize,BZ,BLZ,LAM,Rest of World,Primary and secondary aluminium ingot production,kt,Country-level primary production plus secondary production,0.0,0.0,0.0,0.0,0.0,0.0,0.0,0.0,0.0,0.0,0.0,0.0,0.0,0.0,0.0,0.0,0.0,0.0,0.0,0.0,0.0,0.0,0.0,0.0,0.0,0.0,0.0,0.0,0.0,0.0,0.0,0.0
Bermuda,BM,BMU,LAM,Rest of World,Primary and secondary aluminium ingot production,kt,Country-level primary production plus secondary production,0.0,0.0,0.0,0.0,0.0,0.0,0.0,0.0,0.0,0.0,0.0,0.0,0.0,0.0,0.0,0.0,0.0,0.0,0.0,0.0,0.0,0.0,0.0,0.0,0.0,0.0,0.0,0.0,0.0,0.0,0.0,0.0
British Virgin Islands,VG,VGB,LAM,Rest of World,Primary and secondary aluminium ingot production,kt,Country-level primary production plus secondary production,0.0,0.0,0.0,0.0,0.0,0.0,0.0,0.0,0.0,0.0,0.0,0.0,0.0,0.0,0.0,0.0,0.0,0.0,0.0,0.0,0.0,0.0,0.0,0.0,0.0,0.0,0.0,0.0,0.0,0.0,0.0,0.0
Cayman Islands,KY,CYM,LAM,Rest of World,Primary and secondary aluminium ingot production,kt,Country-level primary production plus secondary production,0.0,0.0,0.0,0.0,0.0,0.0,0.0,0.0,0.0,0.0,0.0,0.0,0.0,0.0,0.0,0.0,0.0,0.0,0.0,0.0,0.0,0.0,0.0,0.0,0.0,0.0,0.0,0.0,0.0,0.0,0.0,0.0
Dominica,DM,DMA,LAM,Rest of World,Primary and secondary aluminium ingot production,kt,Country-level primary production plus secondary production,0.0,0.0,0.0,0.0,0.0,0.0,0.0,0.0,0.0,0.0,0.0,0.0,0.0,0.0,0.0,0.0,0.0,0.0,0.0,0.0,0.0,0.0,0.0,0.0,0.0,0.0,0.0,0.0,0.0,0.0,0.0,0.0
Falkland Islands (Malvinas),FK,FLK,LAM,Rest of World,Primary and secondary aluminium ingot production,kt,Country-level primary production plus secondary production,0.0,0.0,0.0,0.0,0.0,0.0,0.0,0.0,0.0,0.0,0.0,0.0,0.0,0.0,0.0,0.0,0.0,0.0,0.0,0.0,0.0,0.0,0.0,0.0,0.0,0.0,0.0,0.0,0.0,0.0,0.0,0.0
Guyana,GY,GUY,LAM,South America,Primary and secondary aluminium ingot production,kt,Country-level primary production plus secondary production,0.0,0.0,0.0,0.0,0.0,0.0,0.0,0.0,0.0,0.0,0.0,0.0,0.0,0.0,0.0,0.0,0.0,0.0,0.0,0.0,0.0,0.0,0.0,0.0,0.0,0.0,0.0,0.0,0.0,0.0,0.0,0.0
Grenada,GD,GRD,LAM,Rest of World,Primary and secondary aluminium ingot production,kt,Country-level primary production plus secondary production,0.0,0.0,0.0,0.0,0.0,0.0,0.0,0.0,0.0,0.0,0.0,0.0,0.0,0.0,0.0,0.0,0.0,0.0,0.0,0.0,0.0,0.0,0.0,0.0,0.0,0.0,0.0,0.0,0.0,0.0,0.0,0.0
Guadeloupe,GP,GLP,LAM,Rest of World,Primary and secondary aluminium ingot production,kt,Country-level primary production plus secondary production,0.0,0.0,0.0,0.0,0.0,0.0,0.0,0.0,0.0,0.0,0.0,0.0,0.0,0.0,0.0,0.0,0.0,0.0,0.0,0.0,0.0,0.0,0.0,0.0,0.0,0.0,0.0,0.0,0.0,0.0,0.0,0.0
Cooperative Republic of Guyana,GY,GUY,LAM,South America,Primary and secondary aluminium ingot production,kt,Country-level primary production plus secondary production,0.0,0.0,0.0,0.0,0.0,0.0,0.0,0.0,0.0,0.0,0.0,0.0,0.0,0.0,0.0,0.0,0.0,0.0,0.0,0.0,0.0,0.0,0.0,0.0,0.0,0.0,0.0,0.0,0.0,0.0,0.0,0.0
Martinique,MQ,MTQ,LAM,Rest of World,Primary and secondary aluminium ingot production,kt,Country-level primary production plus secondary production,0.0,0.0,0.0,0.0,0.0,0.0,0.0,0.0,0.0,0.0,0.0,0.0,0.0,0.0,0.0,0.0,0.0,0.0,0.0,0.0,0.0,0.0,0.0,0.0,0.0,0.0,0.0,0.0,0.0,0.0,0.0,0.0
Montserrat,MS,MSR,LAM,Rest of World,Primary and secondary aluminium ingot production,kt,Country-level primary production plus secondary production,0.0,0.0,0.0,0.0,0.0,0.0,0.0,0.0,0.0,0.0,0.0,0.0,0.0,0.0,0.0,0.0,0.0,0.0,0.0,0.0,0.0,0.0,0.0,0.0,0.0,0.0,0.0,0.0,0.0,0.0,0.0,0.0
Puerto Rico,PR,PRI,LAM,Rest of World,Primary and secondary aluminium ingot production,kt,Country-level primary production plus secondary production,0.0,0.0,0.0,0.0,0.0,0.0,0.0,0.0,0.0,0.0,0.0,0.0,0.0,0.0,0.0,0.0,0.0,0.0,0.0,0.0,0.0,0.0,0.0,0.0,0.0,0.0,0.0,0.0,0.0,0.0,0.0,0.0
"Bonaire, Sint Eustatius and Saba",BQ,BES,LAM,Rest of World,Primary and secondary aluminium ingot production,kt,Country-level primary production plus secondary production,0.0,0.0,0.0,0.0,0.0,0.0,0.0,0.0,0.0,0.0,0.0,0.0,0.0,0.0,0.0,0.0,0.0,0.0,0.0,0.0,0.0,0.0,0.0,0.0,0.0,0.0,0.0,0.0,0.0,0.0,0.0,0.0
Saint Kitts and Nevis,KN,KNA,LAM,Rest of World,Primary and secondary aluminium ingot production,kt,Country-level primary production plus secondary production,0.0,0.0,0.0,0.0,0.0,0.0,0.0,0.0,0.0,0.0,0.0,0.0,0.0,0.0,0.0,0.0,0.0,0.0,0.0,0.0,0.0,0.0,0.0,0.0,0.0,0.0,0.0,0.0,0.0,0.0,0.0,0.0
Saint Lucia,LC,LCA,LAM,Rest of World,Primary and secondary aluminium ingot production,kt,Country-level primary production plus secondary production,0.0,0.0,0.0,0.0,0.0,0.0,0.0,0.0,0.0,0.0,0.0,0.0,0.0,0.0,0.0,0.0,0.0,0.0,0.0,0.0,0.0,0.0,0.0,0.0,0.0,0.0,0.0,0.0,0.0,0.0,0.0,0.0
Saint Pierre and Miquelon,PM,SPM,LAM,Rest of World,Primary and secondary aluminium ingot production,kt,Country-level primary production plus secondary production,0.0,0.0,0.0,0.0,0.0,0.0,0.0,0.0,0.0,0.0,0.0,0.0,0.0,0.0,0.0,0.0,0.0,0.0,0.0,0.0,0.0,0.0,0.0,0.0,0.0,0.0,0.0,0.0,0.0,0.0,0.0,0.0
Saint Vincent and the Grenadines,VC,VCT,LAM,Rest of World,Primary and secondary aluminium ingot production,kt,Country-level primary production plus secondary production,0.0,0.0,0.0,0.0,0.0,0.0,0.0,0.0,0.0,0.0,0.0,0.0,0.0,0.0,0.0,0.0,0.0,0.0,0.0,0.0,0.0,0.0,0.0,0.0,0.0,0.0,0.0,0.0,0.0,0.0,0.0,0.0
Saint Martin,MF,MAF,LAM,Rest of World,Primary and secondary aluminium ingot production,kt,Country-level primary production plus secondary production,0.0,0.0,0.0,0.0,0.0,0.0,0.0,0.0,0.0,0.0,0.0,0.0,0.0,0.0,0.0,0.0,0.0,0.0,0.0,0.0,0.0,0.0,0.0,0.0,0.0,0.0,0.0,0.0,0.0,0.0,0.0,0.0
Turks and Caicos Islands,TC,TCA,LAM,Rest of World,Primary and secondary aluminium ingot production,kt,Country-level primary production plus secondary production,0.0,0.0,0.0,0.0,0.0,0.0,0.0,0.0,0.0,0.0,0.0,0.0,0.0,0.0,0.0,0.0,0.0,0.0,0.0,0.0,0.0,0.0,0.0,0.0,0.0,0.0,0.0,0.0,0.0,0.0,0.0,0.0
Sint Maarten (Dutch part),SX,SXM,LAM,Rest of World,Primary and secondary aluminium ingot production,kt,Country-level primary production plus secondary production,0.0,0.0,0.0,0.0,0.0,0.0,0.0,0.0,0.0,0.0,0.0,0.0,0.0,0.0,0.0,0.0,0.0,0.0,0.0,0.0,0.0,0.0,0.0,0.0,0.0,0.0,0.0,0.0,0.0,0.0,0.0,0.0
Anguilla,AI,AIA,LAM,Rest of World,Primary and secondary aluminium ingot production,kt,Country-level primary production plus secondary production,0.0,0.0,0.0,0.0,0.0,0.0,0.0,0.0,0.0,0.0,0.0,0.0,0.0,0.0,0.0,0.0,0.0,0.0,0.0,0.0,0.0,0.0,0.0,0.0,0.0,0.0,0.0,0.0,0.0,0.0,0.0,0.0
Brazil,BR,BRA,BRA,South America,Primary and secondary aluminium ingot production,kt,Country-level primary production plus secondary production,1820.0,1846.448416527931,1924.3968330558619,1963.0452495837928,2157.093666111724,2234.542082639655,2221.0984910521684,2263.3243574198023,2298.946905077946,2331.323417362475,2361.717924151977,2391.6551134762135,2419.4883282919573,2445.1909239656743,2468.1687483567866,2490.06567555416,2508.6353215687104,2522.2242801584825,2533.3669191561858,2543.4230629028953,2551.1963053969357,2556.8222387030437,2559.523991030411,2559.7870756002503,2559.0707972789564,2556.688633321284,2553.0791411346354,2547.9104242617996,2541.8050151137245,2532.783539107995,2519.9210444485457,2507.3198057667605
Mexico,MX,MEX,MEX,South America,Primary and secondary aluminium ingot production,kt,Country-level primary production plus secondary production,10.0,154.4764707431551,298.9529414863102,443.4294122294653,587.9058829726204,732.3823537157755,876.8588244589307,913.7324390531514,954.0864224198904,993.0473015626776,1031.040387183842,1068.6517208120606,1106.3778997539705,1144.3902581896057,1182.7205645354738,1221.2082644679615,1259.7039818813894,1297.8808696951648,1335.495266333562,1372.6500974350756,1409.5888474972337,1446.542383887928,1483.800523110572,1521.5378193507677,1559.8566835599004,1598.7826614911316,1638.1392052795532,1677.7209942541012,1717.2687247246874,1756.5886715561555,1795.4157071521995,1833.5644015955145
Chile,CL,CHL,CHL,Rest of World,Primary and secondary aluminium ingot production,kt,Country-level primary production plus secondary production,0.0,0.0,0.0,0.0,0.0,0.0,0.0,0.0,0.0,0.0,0.0,0.0,0.0,0.0,0.0,0.0,0.0,0.0,0.0,0.0,0.0,0.0,0.0,0.0,0.0,0.0,0.0,0.0,0.0,0.0,0.0,0.0
Ukraine,UA,UKR,ENE,Europe,Primary and secondary aluminium ingot production,kt,Country-level primary production plus secondary production,0.0,0.0,0.0,0.0,0.0,0.0,0.0,0.0,0.0,0.0,0.0,0.0,0.0,0.0,0.0,0.0,0.0,0.0,0.0,0.0,0.0,0.0,0.0,0.0,0.0,0.0,0.0,0.0,0.0,0.0,0.0,0.0
Belarus,BY,BLR,ENE,Rest of World,Primary and secondary aluminium ingot production,kt,Country-level primary production plus secondary production,0.0,0.0,0.0,0.0,0.0,0.0,0.0,0.0,0.0,0.0,0.0,0.0,0.0,0.0,0.0,0.0,0.0,0.0,0.0,0.0,0.0,0.0,0.0,0.0,0.0,0.0,0.0,0.0,0.0,0.0,0.0,0.0
Serbia,RS,SRB,ENE,Europe,Primary and secondary aluminium ingot production,kt,Country-level primary production plus secondary production,50.0,56.179945419809954,62.3598908396199,68.53983625942985,74.7197816792398,80.89972709904976,87.07967251885971,86.480788869243,88.13314681740911,89.88740552950986,91.93543192807108,94.19959241412862,96.68269561932,99.3542831973394,102.17280463800118,105.07813577986695,107.99258465045529,108.2039390176544,108.33230565033736,108.30258696668278,108.07421129564092,107.76208364480372,107.39947529206836,106.84340002617552,105.98453470963008,104.99260308509449,103.96045736424512,102.902704474999,101.77748724755344,100.59357682493224,99.4167181065026,98.33061290107229
Bosnia and Herzegovina,BA,BIH,ENE,Rest of World,Primary and secondary aluminium ingot production,kt,Country-level primary production plus secondary production,55.0,0.0,90.037,138.969,35.6,31.87,34.335711627263215,36.80142325452643,39.3019333182836,41.84093778837018,44.47404791375326,47.19977063497503,50.02062192624389,52.93327578718823,55.92343111790602,58.95918395555361,61.99728840187515,65.01064077961243,67.976636436887,70.90006502855034,73.8320157724048,76.80500787813716,79.80388555582871,82.8544820203257,85.99358948966078,89.17894133009862,92.35892422424163,95.53203005315964,98.66518456682664,101.74374162936486,104.7703845834933,107.6747167687924
Republic of Moldova,MD,MDA,ENE,Europe,Primary and secondary aluminium ingot production,kt,Country-level primary production plus secondary production,0.0,0.0,0.0,0.0,0.0,0.0,0.0,0.0,0.0,0.0,0.0,0.0,0.0,0.0,0.0,0.0,0.0,0.0,0.0,0.0,0.0,0.0,0.0,0.0,0.0,0.0,0.0,0.0,0.0,0.0,0.0,0.0
Republic of North Macedonia,MK,MKD,ENE,Europe,Primary and secondary aluminium ingot production,kt,Country-level primary production plus secondary production,0.0,0.0,0.0,0.0,0.0,0.0,0.0,0.0,0.0,0.0,0.0,0.0,0.0,0.0,0.0,0.0,0.0,0.0,0.0,0.0,0.0,0.0,0.0,0.0,0.0,0.0,0.0,0.0,0.0,0.0,0.0,0.0
Kosovo,XK,XKX,ENE,Rest of World,Primary and secondary aluminium ingot production,kt,Country-level primary production plus secondary production,0.0,0.0,0.0,0.0,0.0,0.0,0.0,0.0,0.0,0.0,0.0,0.0,0.0,0.0,0.0,0.0,0.0,0.0,0.0,0.0,0.0,0.0,0.0,0.0,0.0,0.0,0.0,0.0,0.0,0.0,0.0,0.0
Albania,AL,ALB,ENE,Rest of World,Primary and secondary aluminium ingot production,kt,Country-level primary production plus secondary production,0.0,0.0,0.0,0.0,0.0,0.0,0.0,0.0,0.0,0.0,0.0,0.0,0.0,0.0,0.0,0.0,0.0,0.0,0.0,0.0,0.0,0.0,0.0,0.0,0.0,0.0,0.0,0.0,0.0,0.0,0.0,0.0
Montenegro,ME,MNE,ENE,Europe,Primary and secondary aluminium ingot production,kt,Country-level primary production plus secondary production,60.0,37.208,45.214,43.196,21.778,14.887,15.301638086865108,15.716276173730217,14.006412309854657,13.14135473529533,11.90126987624052,10.477835567383243,8.861978148610374,7.146689668177785,5.361284293691432,3.430543379878288,1.3974085807803094,1.400143476025807,1.4018045218705537,1.401419966359794,1.398464817880032,1.3944259307750466,1.3897338306163638,1.3825382963059905,1.371424702099869,1.3585892489235245,1.34523343109956,1.3315462601835018,1.3169861103920717,1.3016664790599672,1.2864380957702932,1.272384049942878
Norway,NO,NOR,ENW,Europe,Primary and secondary aluminium ingot production,kt,Country-level primary production plus secondary production,1400.0,1330.0,1419.0,1424.6,1321.2,1283.0,1318.7345781855263,1354.469156371053,1207.1086849965425,1132.555795350568,1025.682088480996,903.0068538290255,763.7480999977906,615.9201211978302,462.0492878891723,295.65306350398623,120.43227037960212,120.66797069531202,120.81112390407202,120.77798191976996,120.52329961309069,120.1752179206277,119.77084064491132,119.15071096665451,118.1929127960054,117.08672038482446,115.93568160816386,114.7560859686594,113.50125476140444,112.18096947900436,110.86854818790124,109.65733432368592
Svalbard and Jan Mayen Islands,SJ,SJM,ENW,Rest of World,Primary and secondary aluminium ingot production,kt,Country-level primary production plus secondary production,0.0,0.0,0.0,0.0,0.0,0.0,0.0,0.0,0.0,0.0,0.0,0.0,0.0,0.0,0.0,0.0,0.0,0.0,0.0,0.0,0.0,0.0,0.0,0.0,0.0,0.0,0.0,0.0,0.0,0.0,0.0,0.0
Switzerland,CH,CHE,ENW,Europe,Primary and secondary aluminium ingot production,kt,Country-level primary production plus secondary production,0.0,0.0,0.0,0.0,0.0,0.0,0.0,0.0,0.0,0.0,0.0,0.0,0.0,0.0,0.0,0.0,0.0,0.0,0.0,0.0,0.0,0.0,0.0,0.0,0.0,0.0,0.0,0.0,0.0,0.0,0.0,0.0
Liechtenstein,LI,LIE,ENW,Rest of World,Primary and secondary aluminium ingot production,kt,Country-level primary production plus secondary production,0.0,0.0,0.0,0.0,0.0,0.0,0.0,0.0,0.0,0.0,0.0,0.0,0.0,0.0,0.0,0.0,0.0,0.0,0.0,0.0,0.0,0.0,0.0,0.0,0.0,0.0,0.0,0.0,0.0,0.0,0.0,0.0
Iceland,IS,ISL,ENW,Europe,Primary and secondary aluminium ingot production,kt,Country-level primary production plus secondary production,845.0,728.104,729.813,756.012,768.389,742.192,762.8637989498615,783.5355978997229,698.2902643296599,655.1627832134286,593.3383013358437,522.3729250639689,441.81428669802045,356.29850864540924,267.2870499431337,171.02988192373385,69.66786252344323,69.80421083888933,69.88702234809901,69.86785031722363,69.72052126768433,69.51916238421397,69.2852375369665,68.9265038766666,68.37243517840439,67.7325231300496,67.06666828069085,66.38429380923715,65.65839693988798,64.8946360869534,64.13542440894373,63.4347593736283
United Kingdom of Great Britain and Northern Ireland,GB,GBR,ENW,UK,Primary and secondary aluminium ingot production,kt,Country-level primary production plus secondary production,1158.0,995.274556937382,846.720113874764,690.0606708121459,537.5442277495279,386.92278468690995,237.15565402624182,242.41083332170993,246.82782318060487,250.06384921075875,251.650830284458,252.77260113988203,253.1847002625642,253.11193680867027,253.75104191562113,254.37333804895437,255.24607262213735,256.42069578795764,257.3767702003802,258.6447176826594,259.62655139456496,260.14878241651456,260.52426320192734,260.6269306683986,260.75118924845395,260.57607523282053,260.19216137231024,259.96081163049837,259.7487032834739,259.38030153201373,258.61322567259833,257.6162981390887
Gibraltar,GI,GIB,ENW,Rest of World,Primary and secondary aluminium ingot production,kt,Country-level primary production plus secondary production,0.0,0.0,0.0,0.0,0.0,0.0,0.0,0.0,0.0,0.0,0.0,0.0,0.0,0.0,0.0,0.0,0.0,0.0,0.0,0.0,0.0,0.0,0.0,0.0,0.0,0.0,0.0,0.0,0.0,0.0,0.0,0.0
Saint Helena,SH ,SHN,ENW,Rest of World,Primary and secondary aluminium ingot production,kt,Country-level primary production plus secondary production,0.0,0.0,0.0,0.0,0.0,0.0,0.0,0.0,0.0,0.0,0.0,0.0,0.0,0.0,0.0,0.0,0.0,0.0,0.0,0.0,0.0,0.0,0.0,0.0,0.0,0.0,0.0,0.0,0.0,0.0,0.0,0.0
Liechtenstein,LI,LIE,ENW,Rest of World,Primary and secondary aluminium ingot production,kt,Country-level primary production plus secondary production,0.0,0.0,0.0,0.0,0.0,0.0,0.0,0.0,0.0,0.0,0.0,0.0,0.0,0.0,0.0,0.0,0.0,0.0,0.0,0.0,0.0,0.0,0.0,0.0,0.0,0.0,0.0,0.0,0.0,0.0,0.0,0.0
Poland,PL,POL,EUE,Europe,Primary and secondary aluminium ingot production,kt,Country-level primary production plus secondary production,24.869565217391305,165.51516095220262,306.160756687014,446.8063524218253,587.4519481566365,728.0975438914478,868.7431396262591,862.7684265044778,879.2530387010307,896.7542554280121,917.1862211446744,939.7744306817432,964.546904120097,991.1997762908372,1019.31852197094,1048.3033174442094,1077.3790751828103,1079.4876345196008,1080.7682735972928,1080.4717876115644,1078.1934166469491,1075.079500993514,1071.461968799169,1065.9143299715695,1057.3459312852954,1047.4500075999256,1037.1528913138225,1026.6003072333826,1015.3746707713152,1003.563486509438,991.8226529902984,980.9872143760156
Czechia,CZ,CZE,EUE,Europe,Primary and secondary aluminium ingot production,kt,Country-level primary production plus secondary production,126.2608695652174,126.89660832386984,127.53234708252228,128.16808584117473,128.80382459982715,129.4395633584796,130.07530211713205,129.180719381534,131.6489298501345,134.2693546331824,137.32859503718157,140.71068583686645,144.41982242707738,148.4105076385771,152.62067537707304,156.9605151479065,161.31397453034282,161.62968521656808,161.82143293500812,161.77704063720685,161.4359043702952,160.9696635438501,160.42801714500737,159.597379452896,158.31444897904314,156.8327506445316,155.29098248458234,153.71096360469784,152.03016983763715,150.26170308245133,148.50376981374544,146.88139964811646
Romania,RO,ROU,EUE,Europe,Primary and secondary aluminium ingot production,kt,Country-level primary production plus secondary production,295.30434782608694,309.4383909325655,354.357434039044,275.2394771455225,303.0505202520011,377.4985633584796,407.2346350932695,413.09646202276036,387.4946501924104,376.1478533328126,359.0657335572922,339.30642965502693,316.72366024939436,292.8136734484935,267.9922703718851,240.9009658194273,212.11943631309094,212.53457934701035,212.78671756422463,212.72834401528894,212.2797676730723,211.6666853807314,210.9544487060227,209.86220360113302,208.17521715290454,206.22686136774897,204.19951690508807,202.12187474704865,199.91171888506906,197.58627763088992,195.27468736030377,193.1413554773945
Hungary,HU,HUN,EUE,Europe,Primary and secondary aluminium ingot production,kt,Country-level primary production plus secondary production,0.0,32.3598908396199,64.7197816792398,97.07967251885972,129.4395633584796,161.7994541980995,194.1593450377194,192.82402929984505,196.50825005658157,200.41967637130992,204.98610907210448,210.03445048540053,215.5709629461772,221.5277342494548,227.81212027278465,234.29006369293447,240.78833668238323,241.25958817333657,241.54580401000072,241.4795410121408,240.97033755019123,240.27439441556828,239.4658957357294,238.22602876914144,236.3110384790716,234.09935360508084,231.7980043768761,229.43955949247095,226.9306910782188,224.29095593004544,221.6669437884892,219.2452824612404
Bulgaria,BG,BGR,EUE,Europe,Primary and secondary aluminium ingot production,kt,Country-level primary production plus secondary production,34.434782608695656,34.019804254880505,33.604825901065354,33.1898475472502,32.77486919343505,32.3598908396199,31.94491248580476,31.72521384405755,32.3313763217352,32.97492078411684,33.72623302701126,34.55683340122902,35.467752244726974,36.44781600598549,37.48178200696929,38.5475938822848,39.61675056859562,39.69428527409427,39.74137618209311,39.730473973562944,39.64669505462249,39.53219197713061,39.399170207988746,39.19517569135089,38.88010356739228,38.516216473870784,38.13757696167017,37.74954353778176,37.336761027024345,36.90244709648591,36.47072006213987,36.07228567746376
Slovakia,SK,SVK,EUE,Europe,Primary and secondary aluminium ingot production,kt,Country-level primary production plus secondary production,220.0,151.875,163.995,71.933,56.114,0.0,0.0,0.0,0.0,0.0,0.0,0.0,0.0,0.0,0.0,0.0,0.0,0.0,0.0,0.0,0.0,0.0,0.0,0.0,0.0,0.0,0.0,0.0,0.0,0.0,0.0,0.0
Croatia,HR,HRV,EUE,Europe,Primary and secondary aluminium ingot production,kt,Country-level primary production plus secondary production,0.0,0.0,0.0,0.0,0.0,0.0,0.0,0.0,0.0,0.0,0.0,0.0,0.0,0.0,0.0,0.0,0.0,0.0,0.0,0.0,0.0,0.0,0.0,0.0,0.0,0.0,0.0,0.0,0.0,0.0,0.0,0.0
Lithuania,LT,LTU,EUE,Europe,Primary and secondary aluminium ingot production,kt,Country-level primary production plus secondary production,0.0,0.0,0.0,0.0,0.0,0.0,0.0,0.0,0.0,0.0,0.0,0.0,0.0,0.0,0.0,0.0,0.0,0.0,0.0,0.0,0.0,0.0,0.0,0.0,0.0,0.0,0.0,0.0,0.0,0.0,0.0,0.0
Slovenia,SI,SVN,EUE,Europe,Primary and secondary aluminium ingot production,kt,Country-level primary production plus secondary production,99.13043478260869,88.14127141382089,94.64910804503309,94.81894467624528,95.92078130745747,113.25961793866966,132.08545456988188,131.17704716771854,133.6834007676176,136.3443209653919,139.45083813524562,142.88519495319647,146.65165164870828,150.70400795022647,154.97923860895617,159.3861452204419,163.8068819177344,164.12747152101727,164.32218246260774,164.2771041369068,163.93069603212516,163.45725003201838,162.90723315992332,162.06375899257827,160.76100241956016,159.25640627514252,157.69081200064386,156.08637588877838,154.37960753885355,152.58381132351897,150.79871137663247,149.1512694924326
Estonia,EE,EST,EUE,Europe,Primary and secondary aluminium ingot production,kt,Country-level primary production plus secondary production,0.0,0.0,0.0,0.0,0.0,0.0,0.0,0.0,0.0,0.0,0.0,0.0,0.0,0.0,0.0,0.0,0.0,0.0,0.0,0.0,0.0,0.0,0.0,0.0,0.0,0.0,0.0,0.0,0.0,0.0,0.0,0.0
Latvia,LV,LVA,EUE,Europe,Primary and secondary aluminium ingot production,kt,Country-level primary production plus secondary production,0.0,0.0,0.0,0.0,0.0,0.0,0.0,0.0,0.0,0.0,0.0,0.0,0.0,0.0,0.0,0.0,0.0,0.0,0.0,0.0,0.0,0.0,0.0,0.0,0.0,0.0,0.0,0.0,0.0,0.0,0.0,0.0
Germany,DE,DEU,EUW,Europe,Primary and secondary aluminium ingot production,kt,Country-level primary production plus secondary production,1734.4155844155846,2363.670155118968,2994.0057258223524,3476.223296525735,3974.680867229119,4655.408437932502,5311.734527888275,5282.886181961698,5354.118452553151,5443.786450588876,5545.068850447381,5656.264326469247,5777.402817216733,5908.079737305347,6046.301667994184,6187.445671128422,6327.608989513474,6339.992874927373,6347.514260414604,6345.772953727132,6332.391739139593,6314.10324520544,6292.856935749403,6260.274820387514,6209.951329053877,6151.831084180493,6091.354574956517,6029.377665038663,5963.447817479356,5894.078959819322,5825.123282628839,5761.485125586087
Netherlands,NL,NLD,EUW,Europe,Primary and secondary aluminium ingot production,kt,Country-level primary production plus secondary production,150.0,128.84780351131582,163.19560702263163,174.74341053394744,232.9912140452633,291.2390175565791,349.4868210678949,347.08325273972105,353.7148501018468,360.7554174683578,368.974996329788,378.0620108737209,388.02773330311896,398.7499216490186,410.06181649101234,421.722114647282,433.41900602828974,434.2672587120058,434.78244721800127,434.6631738218534,433.7466075903442,432.49390994802286,431.0386123243129,428.8068517844546,425.35986926232886,421.37883648914544,417.236407878377,412.9912070864477,408.47524394079386,403.7237206740817,399.0004988192805,394.6415084302327
Belgium,BE,BEL,EUW,Europe,Primary and secondary aluminium ingot production,kt,Country-level primary production plus secondary production,0.0,158.56346511413756,317.1269302282751,475.69039534241256,634.2538604565502,792.8173255706877,951.3807906848252,944.8377435692408,962.8904252772496,982.0564142194188,1004.431934453312,1029.1688073784626,1056.2977184362685,1085.4858978223288,1116.279389336645,1148.021312095379,1179.862849743678,1182.1719820493493,1183.5744396490036,1183.24975095949,1180.7546539959371,1177.3445326362846,1173.382889105074,1167.307540968793,1157.924088547451,1147.0868326648963,1135.810221446693,1124.253841513108,1111.9603862832723,1099.0256840572229,1086.168024563597,1074.3018840600782
Sweden,SE,SWE,EUW,Europe,Primary and secondary aluminium ingot production,kt,Country-level primary production plus secondary production,120.0,117.0,124.0,120.0,119.0,109.0,112.03590726595664,115.0718145319133,102.55249155465556,96.21869188870764,87.13900829651486,76.7168722270957,64.88584793434075,52.32680686715783,39.25438221349944,25.117836260276302,10.231580258282644,10.25160468105145,10.263766567064575,10.26095091913868,10.23931384086273,10.209741818665956,10.17538708518732,10.12270264642661,10.04133086107918,9.947351926692024,9.849562973725536,9.749347911600838,9.64274105143654,9.530573400788368,9.419073852284674,9.316172596478385
Austria,AT,AUT,EUW,Europe,Primary and secondary aluminium ingot production,kt,Country-level primary production plus secondary production,735.5844155844156,707.8755296657299,680.1666437470443,652.4577578283586,624.748871909673,597.0399859909872,569.3311000723018,565.4155698780679,576.2187658609062,587.6881939545342,601.0782893550129,615.8814798468948,632.1161283993281,649.5830968747075,668.010726032842,687.0059212055675,706.0607285285641,707.4425735780675,708.2818408155752,708.0875386280686,706.5944074728515,704.5537018331323,702.1829509289703,698.5473040128062,692.9320011374209,686.4467043206346,679.6984858020267,672.7828463810272,665.4261218620743,657.6856584014198,649.991299322978,642.8902910909135
Finland,FI,FIN,EUW,Europe,Primary and secondary aluminium ingot production,kt,Country-level primary production plus secondary production,0.0,0.0,0.0,0.0,0.0,0.0,0.0,0.0,0.0,0.0,0.0,0.0,0.0,0.0,0.0,0.0,0.0,0.0,0.0,0.0,0.0,0.0,0.0,0.0,0.0,0.0,0.0,0.0,0.0,0.0,0.0,0.0
Denmark,DK,DNK,EUW,Europe,Primary and secondary aluminium ingot production,kt,Country-level primary production plus secondary production,0.0,0.0,0.0,0.0,0.0,0.0,0.0,0.0,0.0,0.0,0.0,0.0,0.0,0.0,0.0,0.0,0.0,0.0,0.0,0.0,0.0,0.0,0.0,0.0,0.0,0.0,0.0,0.0,0.0,0.0,0.0,0.0
Ireland,IE,IRL,EUW,Europe,Primary and secondary aluminium ingot production,kt,Country-level primary production plus secondary production,0.0,0.0,0.0,0.0,0.0,0.0,0.0,0.0,0.0,0.0,0.0,0.0,0.0,0.0,0.0,0.0,0.0,0.0,0.0,0.0,0.0,0.0,0.0,0.0,0.0,0.0,0.0,0.0,0.0,0.0,0.0,0.0
Luxembourg,LU,LUX,EUW,Europe,Primary and secondary aluminium ingot production,kt,Country-level primary production plus secondary production,0.0,0.0,0.0,0.0,0.0,0.0,0.0,0.0,0.0,0.0,0.0,0.0,0.0,0.0,0.0,0.0,0.0,0.0,0.0,0.0,0.0,0.0,0.0,0.0,0.0,0.0,0.0,0.0,0.0,0.0,0.0,0.0
Greenland,GL,GRL,EUW,Rest of World,Primary and secondary aluminium ingot production,kt,Country-level primary production plus secondary production,0.0,0.0,0.0,0.0,0.0,0.0,0.0,0.0,0.0,0.0,0.0,0.0,0.0,0.0,0.0,0.0,0.0,0.0,0.0,0.0,0.0,0.0,0.0,0.0,0.0,0.0,0.0,0.0,0.0,0.0,0.0,0.0
Faroe Islands,FO,FRO,EUW,Rest of World,Primary and secondary aluminium ingot production,kt,Country-level primary production plus secondary production,0.0,0.0,0.0,0.0,0.0,0.0,0.0,0.0,0.0,0.0,0.0,0.0,0.0,0.0,0.0,0.0,0.0,0.0,0.0,0.0,0.0,0.0,0.0,0.0,0.0,0.0,0.0,0.0,0.0,0.0,0.0,0.0
Andorra,AD,AND,EUW,Rest of World,Primary and secondary aluminium ingot production,kt,Country-level primary production plus secondary production,0.0,0.0,0.0,0.0,0.0,0.0,0.0,0.0,0.0,0.0,0.0,0.0,0.0,0.0,0.0,0.0,0.0,0.0,0.0,0.0,0.0,0.0,0.0,0.0,0.0,0.0,0.0,0.0,0.0,0.0,0.0,0.0
France,FR,FRA,EUM,Europe,Primary and secondary aluminium ingot production,kt,Country-level primary production plus secondary production,1159.2710706150342,1045.7207036674952,967.0703367199562,816.2099697724173,683.7696028248783,655.7192358773393,567.1231019440077,578.2109938962819,531.3050138720779,508.9026501953066,476.1130160245737,438.34997939194227,395.35600487597594,349.76804104930784,302.3711240146599,250.90968566095717,196.50936765937948,196.89395992730957,197.12754305617665,197.07346527156264,196.65790008391127,196.0899350935968,195.43011258509156,194.41824682388844,192.8554072937003,191.05043284170668,189.17228256321357,187.24753604401116,185.20002762886892,183.0457177818765,180.90423961157822,178.92790162669257
Monaco,MC,MCO,EUM,Rest of World,Primary and secondary aluminium ingot production,kt,Country-level primary production plus secondary production,0.0,0.0,0.0,0.0,0.0,0.0,0.0,0.0,0.0,0.0,0.0,0.0,0.0,0.0,0.0,0.0,0.0,0.0,0.0,0.0,0.0,0.0,0.0,0.0,0.0,0.0,0.0,0.0,0.0,0.0,0.0,0.0
Italy,IT,ITA,EUM,Europe,Primary and secondary aluminium ingot production,kt,Country-level primary production plus secondary production,2640.728929384966,2436.182051904172,2231.635174423377,2027.088296942584,1822.5414194617888,1617.994541980995,1413.4476645002007,1403.726788532566,1430.5473014628126,1459.0218329788895,1492.264701792552,1529.015785696531,1569.320673445513,1612.6849755085625,1658.4342581185117,1705.5926063102838,1752.8989503775072,1756.3295826715687,1758.4131862488125,1757.9308026707793,1754.2238863546568,1749.157536351948,1743.271800743663,1734.245775919186,1720.304965846336,1704.2042686630746,1687.4508299286508,1670.2817443352312,1652.0176005209114,1632.8007686998117,1613.6983977457774,1596.0691069869663
San Marino,SM,SMR,EUM,Rest of World,Primary and secondary aluminium ingot production,kt,Country-level primary production plus secondary production,0.0,0.0,0.0,0.0,0.0,0.0,0.0,0.0,0.0,0.0,0.0,0.0,0.0,0.0,0.0,0.0,0.0,0.0,0.0,0.0,0.0,0.0,0.0,0.0,0.0,0.0,0.0,0.0,0.0,0.0,0.0,0.0
Spain,ES,ESP,EUM,Europe,Primary and secondary aluminium ingot production,kt,Country-level primary production plus secondary production,240.0,249.83423189301465,289.6684637860293,149.50269567904394,199.3369275720586,249.1711594650733,299.00539135808793,296.94900512176145,302.62270508713567,308.6463016118173,315.678607971041,323.4530537475169,331.979282937113,341.1527107441605,350.83066522008846,360.8066980871192,370.8140384908703,371.5397657869384,371.9805381754012,371.8784931586969,371.0943198272946,370.0225673999752,368.77747943302336,366.8680843044779,363.9189992577704,360.51300455182457,356.9689267403893,353.33692161840537,349.4732642604571,345.40807213227004,341.3670934342734,337.6377349903103
Greece,GR,GRC,EUM,Europe,Primary and secondary aluminium ingot production,kt,Country-level primary production plus secondary production,180.0,189.036,183.77,186.448,182.875,182.0,187.06912956334045,192.1382591266809,171.2344354398836,160.65873324536508,145.4981606418872,128.09606188377447,108.3415075600919,87.3713655947039,65.54401433813668,41.93987338871823,17.083923000068268,17.117358274783154,17.137665277116998,17.132963920029724,17.096835954468045,17.04745881648811,16.990095867010023,16.902127354583882,16.766258868957898,16.609339914293106,16.44605927722979,16.278727705608738,16.100723590472025,15.913434485720028,15.727260927667988,15.555444151918037
Portugal,PT,PRT,EUM,Europe,Primary and secondary aluminium ingot production,kt,Country-level primary production plus secondary production,0.0,0.0,0.0,0.0,0.0,0.0,0.0,0.0,0.0,0.0,0.0,0.0,0.0,0.0,0.0,0.0,0.0,0.0,0.0,0.0,0.0,0.0,0.0,0.0,0.0,0.0,0.0,0.0,0.0,0.0,0.0,0.0
Cyprus,CY,CYP,EUM,Europe,Primary and secondary aluminium ingot production,kt,Country-level primary production plus secondary production,0.0,0.0,0.0,0.0,0.0,0.0,0.0,0.0,0.0,0.0,0.0,0.0,0.0,0.0,0.0,0.0,0.0,0.0,0.0,0.0,0.0,0.0,0.0,0.0,0.0,0.0,0.0,0.0,0.0,0.0,0.0,0.0
Malta,MT,MLT,EUM,Europe,Primary and secondary aluminium ingot production,kt,Country-level primary production plus secondary production,0.0,0.0,0.0,0.0,0.0,0.0,0.0,0.0,0.0,0.0,0.0,0.0,0.0,0.0,0.0,0.0,0.0,0.0,0.0,0.0,0.0,0.0,0.0,0.0,0.0,0.0,0.0,0.0,0.0,0.0,0.0,0.0
Iran (Islamic Republic of),IR,IRN,MEA,Middle East,Primary and secondary aluminium ingot production,kt,Country-level primary production plus secondary production,387.5884558943421,578.6963563249831,798.7812567556241,972.5701571862652,1080.2720576169063,1153.473958047547,1240.4962252131663,1314.9762621332293,1335.4149227519592,1354.4620104921223,1371.8408152302509,1387.9514167718694,1405.782897740724,1427.9370057075519,1454.4505913271807,1486.4557446999006,1524.9067521848074,1569.8497672378458,1620.7472990497304,1676.61930134776,1736.2088876186917,1798.4135856489718,1862.0525517366075,1925.658237529728,1988.366983887221,2049.749870274405,2109.3424356327555,2167.072454518783,2223.1379197420333,2277.530219780555,2330.013989932254,2380.8663431556147
Saudi Arabia,SA,SAU,MEA,Middle East,Primary and secondary aluminium ingot production,kt,Country-level primary production plus secondary production,850.5413337681396,859.0756792291129,1063.6020246900862,1020.1323701510596,965.6627156120329,1059.1930610730062,1033.5887383818879,1016.0876769955722,1006.9775880324489,998.6288698081016,990.8311747482504,983.536233961362,980.2182700142076,981.6506065429796,985.2347607201156,991.8255275157702,1001.1431104784167,1012.6275761017705,1025.7313739626811,1039.8977225452602,1054.6067082120087,1069.8023933593392,1085.0951129021214,1099.5776700980434,1113.2746459552097,1126.2068794793176,1137.9887194361918,1148.7660484805913,1158.7065643702351,1167.4988101875813,1174.623405053096,1180.5278933952472
United Arab Emirates,AE,ARE,MEA,Middle East,Primary and secondary aluminium ingot production,kt,Country-level primary production plus secondary production,2799.249959236915,2683.059620443182,2666.8692816494495,2740.6789428557167,2714.4886040619845,2708.2982652682517,2613.2431467250235,2536.4862934500466,2502.7720421851304,2471.767659635715,2442.949577445488,2416.0398223101733,2400.2242943618867,2396.888405155691,2398.3880375322924,2406.848237092356,2421.1223648781934,2439.550220109071,2460.70667725774,2483.2901716980546,2506.20167006849,2529.652233977687,2552.899471926551,2573.7786475916514,2592.655994314061,2609.738744736825,2624.052396830759,2636.049988042715,2646.156627078681,2653.4605175834763,2656.5164045408137,2656.544350523025
Iraq,IQ,IRQ,MEA,Rest of World,Primary and secondary aluminium ingot production,kt,Country-level primary production plus secondary production,0.0,0.0,0.0,0.0,0.0,0.0,0.0,0.0,0.0,0.0,0.0,0.0,0.0,0.0,0.0,0.0,0.0,0.0,0.0,0.0,0.0,0.0,0.0,0.0,0.0,0.0,0.0,0.0,0.0,0.0,0.0,0.0
Qatar,QA,QAT,MEA,Middle East,Primary and secondary aluminium ingot production,kt,Country-level primary production plus secondary production,675.0498940159791,697.0995682664336,698.1492425168881,668.1989167673426,701.248591017797,700.2982652682516,674.8876518110726,657.1613475468621,649.1432979580786,641.7744686739561,634.919112054514,628.5154967352013,624.9100189592544,624.4972202545082,625.3722451782296,628.0862325830778,632.3713833897507,637.8147094371016,644.050790199673,650.7366411316868,657.5745322196053,664.5962373908245,671.594369003979,678.0015527340953,683.8927585852517,689.3115382628154,694.0061847251329,698.0882674269051,701.6675016365975,704.5164288111511,706.270321623669,707.23855982283
Kuwait,KW,KWT,MEA,Rest of World,Primary and secondary aluminium ingot production,kt,Country-level primary production plus secondary production,0.0,0.0,0.0,0.0,0.0,0.0,0.0,0.0,0.0,0.0,0.0,0.0,0.0,0.0,0.0,0.0,0.0,0.0,0.0,0.0,0.0,0.0,0.0,0.0,0.0,0.0,0.0,0.0,0.0,0.0,0.0,0.0
Oman,OM,OMN,MEA,Middle East,Primary and secondary aluminium ingot production,kt,Country-level primary production plus secondary production,420.96412848524375,424.6309558418453,420.2977831984469,417.96461055504847,418.63143791165,417.29826526825155,403.5799682915016,394.4367731676568,390.1207456716276,386.1577702384772,382.4663002383767,379.01640966668947,377.1932176995048,377.25819731271923,378.1204049096043,380.11103945598245,383.0896446020482,386.8202142884287,391.0860547078028,395.67730449598594,400.406264611825,405.27613685634935,410.15202151114113,414.6888515980188,418.91782954440976,422.85807225740075,426.35903543863907,429.4836632667139,432.29751502957373,434.67014420866894,436.3893659563403,437.63622020543266
Bahrain,BH,BHR,MEA,Middle East,Primary and secondary aluminium ingot production,kt,Country-level primary production plus secondary production,1469.6062285993803,1635.3446359331547,1631.3050432669288,1652.9324506007033,1656.2248579344773,1640.2982652682515,1576.7542874674489,1530.617479100999,1510.3331237250823,1491.679573733673,1474.3408786198527,1458.1501617888703,1448.6477495424936,1446.6726439106264,1447.618425937909,1452.7674815696787,1461.4303407749671,1472.6066110459865,1485.4366340407032,1499.1345090127227,1513.0359447138194,1527.2663808812863,1541.3765655136028,1554.0596619694727,1565.5349981615586,1575.9267753657414,1584.647004666815,1591.9685796561553,1598.1479924236296,1602.6357650216587,1604.5605882093616,1604.6581326146224
Yemen,YE,YEM,MEA,Rest of World,Primary and secondary aluminium ingot production,kt,Country-level primary production plus secondary production,0.0,0.0,0.0,0.0,0.0,0.0,0.0,0.0,0.0,0.0,0.0,0.0,0.0,0.0,0.0,0.0,0.0,0.0,0.0,0.0,0.0,0.0,0.0,0.0,0.0,0.0,0.0,0.0,0.0,0.0,0.0,0.0
Turkey,TR,TUR,MDA,Europe,Primary and secondary aluminium ingot production,kt,Country-level primary production plus secondary production,710.0,703.6315961065936,696.6631922131874,693.1947883197809,686.9263844263745,680.6579805329682,676.6734701790889,674.8832506519187,676.7057805548275,683.8748550960885,690.9766750393818,698.5389034552621,706.5306678462697,715.2569800003429,724.5966453764275,733.7263321360945,742.3540433424499,743.8069187373318,744.6893264425545,744.4850366290898,742.9151547399979,740.7695516470822,738.2769381248287,734.4544097227682,728.5504660169314,721.7318084713538,714.6367143806699,707.3655935279689,699.63071468294,691.4923717399239,683.4025030614692,675.9364849699847
Israel,IL,ISR,MDA,Rest of World,Primary and secondary aluminium ingot production,kt,Country-level primary production plus secondary production,0.0,0.0,0.0,0.0,0.0,0.0,0.0,0.0,0.0,0.0,0.0,0.0,0.0,0.0,0.0,0.0,0.0,0.0,0.0,0.0,0.0,0.0,0.0,0.0,0.0,0.0,0.0,0.0,0.0,0.0,0.0,0.0
Syrian Arab Republic,SY,SYR,MDA,Rest of World,Primary and secondary aluminium ingot production,kt,Country-level primary production plus secondary production,0.0,0.0,0.0,0.0,0.0,0.0,0.0,0.0,0.0,0.0,0.0,0.0,0.0,0.0,0.0,0.0,0.0,0.0,0.0,0.0,0.0,0.0,0.0,0.0,0.0,0.0,0.0,0.0,0.0,0.0,0.0,0.0
Jordan,JO,JOR,MDA,Rest of World,Primary and secondary aluminium ingot production,kt,Country-level primary production plus secondary production,0.0,0.0,0.0,0.0,0.0,0.0,0.0,0.0,0.0,0.0,0.0,0.0,0.0,0.0,0.0,0.0,0.0,0.0,0.0,0.0,0.0,0.0,0.0,0.0,0.0,0.0,0.0,0.0,0.0,0.0,0.0,0.0
Lebanon,LB,LBN,MDA,Rest of World,Primary and secondary aluminium ingot production,kt,Country-level primary production plus secondary production,0.0,0.0,0.0,0.0,0.0,0.0,0.0,0.0,0.0,0.0,0.0,0.0,0.0,0.0,0.0,0.0,0.0,0.0,0.0,0.0,0.0,0.0,0.0,0.0,0.0,0.0,0.0,0.0,0.0,0.0,0.0,0.0
State of Palestine,PS,PSE,MDA,Rest of World,Primary and secondary aluminium ingot production,kt,Country-level primary production plus secondary production,0.0,0.0,0.0,0.0,0.0,0.0,0.0,0.0,0.0,0.0,0.0,0.0,0.0,0.0,0.0,0.0,0.0,0.0,0.0,0.0,0.0,0.0,0.0,0.0,0.0,0.0,0.0,0.0,0.0,0.0,0.0,0.0
